63083183340000 - 4 1
63084674640000 - 117 129 1
63085775220000 - 51 1
63085955460000 - 51 1
63085966740000 - 41 1
63086302380000 - 117 1
63086803620000 - 41 1
63087755940000 - 65 1
63087769980000 - 41 1
63088637520000 - 107 1
63088652100000 - 107 1
63088807440000 - 129 1
63088898940000 - 122 1
63089328360000 - 51 1
63089571600000 - 51 1
63090706680000 - 41 1
63091058940000 - 29 122 1
63094679040000 - 133 29 122 65 62 1
63095029800000 - 117 1
63095977560000 - 4 1
63096490560000 - 65 1
63096575520000 - 65 1
63097711020000 - 51 1
63097807200000 - 51 41 1
63098930820000 - 65 1
63099017940000 - 65 41 1
63099167040000 - 51 1
63099513960000 - 71 1
63099686340000 - 117 1
63099795540000 - 117 129 1
63100291440000 - 29 1
63100292160000 - 29 65 97 51 41 1
63101076180000 - 63 1
63101176680000 - 117 1
63101315160000 - 133 29 122 51 41 1
63101335380000 - 120 1
63101513520000 - 51 1
63102026220000 - 98 1
63102106620000 - 98 1
63102112500000 - 98 1
63103153200000 - 29 65 97 51 41 1
63103413240000 - 98 1
63103496880000 - 29 41 1
63103904520000 - 63 1
63103923960000 - 29 74 97 51 41 1
63104368020000 - 63 1
63104374620000 - 51 1
63104440980000 - 71 1
63105145560000 - 63 1
63106435560000 - 23 1
63106783200000 - 51 1
63106784160000 - 51 1
63108077340000 - 51 1
63108082200000 - 147 1
63108089340000 - 147 1
63108325800000 - 4 1
63108687600000 - 23 1
63108761640000 - 65 1
63108943020000 - 29 51 41 1
63110132820000 - 51 1
63111175320000 - 29 1
63111863340000 - 29 51 41 1
63112403040000 - 20 57 125 116 108 44 1
63112471680000 - 51 41 1
63112475700000 - 97 1
63113160060000 - 79 1
63113180760000 - 57 1
63113692740000 - 63 1
63113768040000 - 133 29 62 41 1
63114111360000 - 51 1
63114988680000 - 125 1
63115312680000 - 51 1
63115313100000 - 51 41 1
63115838640000 - 41 1
63115855560000 - 63 1
63116093820000 - 41 1
63116185260000 - 51 41 1
63116536620000 - 41 1
63116608440000 - 51 41 1
63116809140000 - 8 1
63117045900000 - 41 1
63117076980000 - 112 1
63117151920000 - 41 1
63117213300000 - 51 41 1
63117659340000 - 29 1
63117662220000 - 29 1
63117663480000 - 142 1
63117822240000 - 51 41 1
63118452660000 - 51 1
63118454220000 - 51 1
63118514700000 - 29 51 41 1
63118610220000 - 136 1
63118621680000 - 51 1
63119459100000 - 41 1
63119558700000 - 63 1
63119653200000 - 4 1
63120080880000 - 120 1
63120182460000 - 62 1
63120354120000 - 120 1
63121284180000 - 29 51 41 1
63121301520000 - 63 1
63121533180000 - 136 1
63121906260000 - 107 1
63122233200000 - 63 1
63122518140000 - 132 1
63122608260000 - 41 1
63122754840000 - 63 1
63123264660000 - 29 51 41 1
63123300660000 - 29 51 41 1
63123705600000 - 65 1
63123741600000 - 65 1
63123787620000 - 41 1
63123805560000 - 122 107 62 133 29 65 51 112 97 41 1
63123823620000 - 41 1
63123841560000 - 122 107 62 133 29 65 51 112 97 41 1
63123889920000 - 63 1
63123925920000 - 63 1
63124310220000 - 51 1
63124312920000 - 51 1
63124346220000 - 51 1
63124348920000 - 51 1
63124464420000 - 62 1
63124472160000 - 125 1
63124507620000 - 62 1
63124515360000 - 125 1
63124649460000 - 63 1
63124661880000 - 133 29 62 65 97 51 41 1
63124692660000 - 63 1
63124697880000 - 133 29 62 65 97 51 41 1
63124901640000 - 51 1
63124910880000 - 120 65 97 1
63124924980000 - 52 1
63124944840000 - 51 1
63124946880000 - 120 65 97 1
63124960980000 - 52 1
63125093580000 - 63 1
63125136780000 - 63 1
63090029280000 - 2 40
63090040920000 - 63 2 72 115
63091155480000 - 2 72
63091156560000 - 2 95
63091409640000 - 147 2
63091576200000 - 147 2
63094695840000 - 63 2
63095538060000 - 2 56
63095552520000 - 2 56
63096050580000 - 2 115
63098055480000 - 147 2
63098463780000 - 147 2
63098495100000 - 2 95
63098930520000 - 63 2
63099616260000 - 147 2
63099686460000 - 147 2
63100886580000 - 2 72
63100970640000 - 2 72
63101001060000 - 63 2
63101004480000 - 147 2
63101440440000 - 2 140
63102093660000 - 147 2
63102110880000 - 147 2
63102201420000 - 147 2 61
63102210360000 - 63 2
63102530880000 - 63 2
63102531420000 - 2 1
63102539040000 - 63 2
63102545340000 - 75 2 58 72
63103064940000 - 2 117 129 85
63103216920000 - 2 129
63103227240000 - 147 2
63103303440000 - 147 2
63103336740000 - 2 115
63104631840000 - 2 61
63104638920000 - 2 61
63104975520000 - 2 140
63105049260000 - 2 115
63105129600000 - 63 2 115
63105583800000 - 2 72
63105736320000 - 2 72
63105751620000 - 2 72
63105815040000 - 2 111
63105840960000 - 2
63105846900000 - 2 80 95
63105916260000 - 2 115
63105929640000 - 147 2
63106171560000 - 2 40
63106263840000 - 2 95
63106358460000 - 2 93
63106359480000 - 2 117 79
63106697220000 - 2 93
63106787340000 - 2 40
63107125140000 - 2 115
63107629980000 - 63 2
63107922180000 - 147 2
63107970120000 - 2 72
63108090180000 - 147 2
63108142440000 - 2 72
63108145320000 - 2
63108757020000 - 147 2
63109125780000 - 2 80
63109187160000 - 2 72
63109468440000 - 2 80
63110525400000 - 63 2
63110940960000 - 2
63110942400000 - 2
63110943900000 - 63 2
63110955660000 - 63 2
63111030600000 - 2 72
63111203880000 - 147 2
63111850440000 - 2 111
63111885120000 - 63 2 140 61
63111973680000 - 63 2
63112219080000 - 63 2
63112234200000 - 63 2
63112394220000 - 2 140
63112836960000 - 147 2
63113153160000 - 2 1
63113462160000 - 63 2
63113462220000 - 63 2
63113542440000 - 63 2
63113612160000 - 2 95
63114050160000 - 63 2
63114051300000 - 2 72
63114053460000 - 2 72
63114105420000 - 63 2
63114135780000 - 63 2
63114152700000 - 2 115
63114192840000 - 2 140
63114221400000 - 2 40
63114221520000 - 2 95
63114739800000 - 2 115
63114795720000 - 2 72
63114798300000 - 2 115
63114821460000 - 147 2
63114908280000 - 2 95
63114938640000 - 2
63115102680000 - 2 56
63115497660000 - 2 115
63115882620000 - 2 140 58
63116003580000 - 2 72
63116012880000 - 2 95
63116041740000 - 2 140
63116041860000 - 147 2
63116042040000 - 147 2
63116467560000 - 2 140
63116612640000 - 2 80
63116613840000 - 2 80
63116621880000 - 2 80
63117004500000 - 2 72
63117041400000 - 2 72
63117061200000 - 75 2 129
63117076260000 - 2 95
63117139440000 - 2 95
63117389760000 - 2 80 95
63117405180000 - 2 80
63117646140000 - 2 72
63117682020000 - 2 72
63117733560000 - 2 80
63117819180000 - 2 80
63117924180000 - 147 2
63117927540000 - 147 2
63117931200000 - 147 2
63118278840000 - 63 2
63118460400000 - 63 2
63118508760000 - 63 2
63118809000000 - 2 72
63118809720000 - 63 2
63118811400000 - 63 2
63118860660000 - 63 2
63118983180000 - 2 72 95
63118983480000 - 147 2
63118985100000 - 63 2
63119472960000 - 63 2
63119547780000 - 2 140
63119563500000 - 2 140
63119595840000 - 2
63119719380000 - 2 72
63119728020000 - 2 72
63120183060000 - 2
63120273420000 - 63 2
63120324480000 - 2 58
63120694920000 - 63 2
63120756000000 - 2 72
63120807480000 - 2 72
63120856500000 - 2 95
63121033920000 - 2 11
63121301820000 - 2 80 95
63121486560000 - 2
63121574160000 - 63 2
63121968960000 - 2 137
63121984020000 - 2 137
63122056260000 - 2 72
63122067240000 - 2 95
63122245020000 - 2 40
63122451300000 - 2 137
63122570820000 - 2 95
63122571000000 - 2 40 72
63122660160000 - 2 72
63122668980000 - 2 137
63122683620000 - 2 137
63122763660000 - 2 95
63123362880000 - 2 40 72
63123398880000 - 2 40 72
63123713580000 - 2 40 72
63123749580000 - 2 40 72
63123904740000 - 63 2
63123940740000 - 63 2
63123989520000 - 2 137
63124025520000 - 2 137
63124067100000 - 2
63124103100000 - 2
63124306260000 - 2 72
63124342260000 - 2 72
63124387860000 - 2 40 72
63124423860000 - 2 40 72
63124497300000 - 2 115
63124533300000 - 2 115
63124652280000 - 2 137
63124652760000 - 2 40 72
63124655160000 - 2 137
63124688280000 - 2 137
63124688760000 - 2 40 72
63124691160000 - 2 137
63124906320000 - 63 2
63124942320000 - 63 2
63125010360000 - 2 137
63125013000000 - 2 137
63125013180000 - 2 137
63125013780000 - 2 137
63125015100000 - 2 137
63125023680000 - 2 137
63125024820000 - 2 137
63125046360000 - 2 137
63125049000000 - 2 137
63125049180000 - 2 137
63125049780000 - 2 137
63125051100000 - 2 137
63125059680000 - 2 137
63125060820000 - 2 137
63125079720000 - 2 137
63125101560000 - 2 137
63125101740000 - 2 137
63125115720000 - 2 137
63125137560000 - 2 137
63125137740000 - 2 137
63125165880000 - 2 95
63125187360000 - 2 72
63125187660000 - 2 72
63125201880000 - 2 95
63125223360000 - 2 72
63125223660000 - 2 72
63125265180000 - 75 2 72
63125301180000 - 75 2 72
63125557200000 - 2
63125593200000 - 2
63126131789000 - 2 72
63126236650000 - 2 40 72
63126315720000 - 2 95
63126389745000 - 2 72
63126389753000 - 2 72
63126389928000 - 2 80 95
63127356886000 - 2 72 95
63128117928000 - 2 140
63128144285000 - 2 140
63128553273000 - 63 2
63129157937000 - 2 111 85
63129532588000 - 147 2
63130308892000 - 63 2
63131088632000 - 2 80
63131604836000 - 2 72 95
63131951265000 - 2 95
63132800664000 - 2 72
63132805722000 - 147 2
63132870852000 - 2 72
63134006615000 - 2 95
63134009600000 - 75 147 2 40 72 95
63134083515000 - 75 147 2 40 72 95
63134277721000 - 2 95
63135463009000 - 63 2
63135475602000 - 63 2
63135807390000 - 63 2
63136117065000 - 63 2
63136119970000 - 63 2
63136155191000 - 2 95
63136436215000 - 63 2
63136441085000 - 2 72
63136528565000 - 75 147 2 40 72 95
63136528762000 - 2 40
63136592073000 - 2 40 72
63137104882000 - 63 2
63137104941000 - 63 2
63137207878000 - 63 2
63137217107000 - 2 80
63137378308000 - 2 99
63137635417000 - 2 80
63137712372000 - 63 2
63137732776000 - 75 147 2 40 95
63137899491000 - 63 2
63137899639000 - 63 2
63138155380000 - 63 2
63138226463000 - 63 2
63138227266000 - 75 147 2 40 72 95
63138252336000 - 2 72
63138311331000 - 63 2
63138432557000 - 2 99
63138498595000 - 75 147 2 40 72 95
63138504080000 - 147 2
63138504453000 - 2 95
63138528088000 - 63 2
63138584791000 - 2 72
63138785150000 - 63 2
63138845752000 - 63 2
63138849349000 - 63 2
63138955619000 - 63 2
63139016871000 - 63 2
63139126838000 - 2 95
63139435091000 - 75 147 2 40 72 95
63139435899000 - 63 2
63139535164000 - 2 72
63139721765000 - 63 2
63139890110000 - 2 41 85
63139891989000 - 63 2
63140128501000 - 63 2
63140129485000 - 128 2
63140129541000 - 2 95
63140223001000 - 128 2
63140316938000 - 2 95
63140403917000 - 2 95
63140403926000 - 2 95
63140404346000 - 2 95
63140833178000 - 2 61
63140834879000 - 2 72
63140854470000 - 2 72
63141270589000 - 63 2
63141277055000 - 2 95
63141350938000 - 2 61
63141864838000 - 63 2
63141951153000 - 2 80
63142035386000 - 2 85
63142657383000 - 2 95
63142728107000 - 2 40 95
63143100360000 - 2 95
63143160018000 - 2 95
63143184608000 - 2 95
63143782334000 - 2 72
63139452799000 - 3 38
63142561350000 - 102 3
63142562842000 - 102 3
63142565528000 - 102 3
63142748685000 - 102 3
63143176427000 - 102 3
63143687584000 - 102 3
63145071487000 - 3
63096747000000 - 4 44
63097683540000 - 4 84
63097813320000 - 4 84
63097813380000 - 4 84
63100474020000 - 4 20
63100742700000 - 4 20
63151290479000 - 4 41
63151290522000 - 4 41
63140155260000 - 47 55 114 87 5
63080778720000 - 65 70 6
63080939220000 - 70 6
63081967860000 - 65 70 6
63082918500000 - 65 6
63083199180000 - 65 6
63083203500000 - 65 6
63083352900000 - 65 70 6
63083460360000 - 65 70 6
63084561840000 - 65 6
63084570600000 - 70 6
63085012440000 - 65 70 6
63085104180000 - 65 6
63085106700000 - 65 6
63085188900000 - 65 70 6
63085344240000 - 112 6
63085692180000 - 70 6
63085880520000 - 65 6
63086909580000 - 70 6
63087421740000 - 65 6
63088029360000 - 74 6
63088636320000 - 65 6
63088729500000 - 70 6
63089402640000 - 65 6
63089502300000 - 65 6
63089506920000 - 65 6
63089830500000 - 65 6
63089830920000 - 65 6
63090099000000 - 65 6
63090110880000 - 70 6
63090431340000 - 65 6
63090457680000 - 65 6
63091047240000 - 65 6
63091235700000 - 65 6
63091311900000 - 74 6 111
63092248260000 - 65 6
63092590680000 - 70 6
63092850780000 - 65 6
63093452880000 - 65 6
63094060560000 - 65 6
63094669440000 - 65 6
63095455440000 - 65 6
63096587460000 - 65 6
63096836820000 - 65 6
63097792740000 - 65 6
63097863780000 - 65 70 6
63097882140000 - 65 70 6
63098051940000 - 65 70 6
63098058720000 - 65 70 6
63098059020000 - 65 70 6
63098059680000 - 65 70 6
63098467800000 - 65 70 6
63098588940000 - 65 70 6
63098997060000 - 65 70 6
63098998320000 - 65 70 6
63099097080000 - 65 70 6
63099102600000 - 65 70 6
63099103440000 - 65 6
63099256200000 - 70 6
63099503760000 - 70 6
63099693960000 - 65 6
63099775500000 - 65 70 6
63099866340000 - 65 6
63099867360000 - 65 6
63100219860000 - 70 6
63100288380000 - 65 6
63100885620000 - 65 6
63100974720000 - 65 6
63101327460000 - 65 6
63101332260000 - 65 6
63101335920000 - 65 70 6
63101343000000 - 65 70 6
63101345460000 - 65 70 6
63101346900000 - 65 6
63101602980000 - 65 70 6
63101661900000 - 65 6
63101687160000 - 65 70 6
63101924400000 - 65 70 6
63101926560000 - 70 6
63101927760000 - 65 70 6
63102017760000 - 70 6
63102030300000 - 70 6
63102032040000 - 70 6
63102032820000 - 70 6
63102119340000 - 70 6
63102197760000 - 65 6
63102277980000 - 65 6
63102283380000 - 65 70 6
63102472200000 - 65 70 6
63102530460000 - 65 6
63102535320000 - 65 6
63102536520000 - 65 70 6
63102538920000 - 70 6
63102633300000 - 65 70 6
63102785340000 - 65 6
63102786480000 - 70 6
63102786840000 - 70 6
63102787800000 - 65 70 6
63102790740000 - 70 6
63102791340000 - 70 6
63102792420000 - 70 6
63102793920000 - 70 6
63102794520000 - 70 6
63102795180000 - 70 6
63102796500000 - 70 6
63102873420000 - 65 6
63103154760000 - 65 70 6
63103218180000 - 70 6
63103220220000 - 70 6
63103221840000 - 70 6
63103224000000 - 70 6
63103311180000 - 65 6
63103391820000 - 65 70 6
63103396020000 - 19 6
63103406760000 - 65 6
63103486140000 - 58 6
63103491360000 - 58 6
63103824900000 - 65 6
63103827240000 - 65 70 6
63103827300000 - 65 70 6
63103835160000 - 58 6
63103849020000 - 65 6
63103851480000 - 65 6
63103852980000 - 65 6
63103855440000 - 65 6
63103920660000 - 65 6
63103941780000 - 65 70 6
63104005260000 - 65 6
63104353500000 - 58 6
63104355960000 - 74 6
63104516520000 - 65 6
63104535600000 - 65 70 6
63104549700000 - 145 6
63104969040000 - 65 6
63104970480000 - 65 6
63105047520000 - 65 70 6
63105120720000 - 65 6
63105125340000 - 65 6
63105207420000 - 39 6
63105220740000 - 65 70 6
63105222000000 - 65 70 6
63105228300000 - 70 39 6
63105231000000 - 65 6
63105559320000 - 6
63105559800000 - 65 6
63105571200000 - 65 6
63105655020000 - 70 6
63105726300000 - 65 6
63105740100000 - 58 6
63105743100000 - 65 6
63105817680000 - 65 6
63105826380000 - 65 70 6
63106165980000 - 65 6
63106347900000 - 65 6
63106501500000 - 70 39 6
63106511940000 - 70 6
63106517160000 - 65 70 6
63106852860000 - 65 6
63106866600000 - 65 6
63106939320000 - 65 6
63107033100000 - 65 6
63107052000000 - 65 6
63107369580000 - 70 6
63107369760000 - 70 6
63107386200000 - 70 6
63107454180000 - 65 6
63107460480000 - 65 6
63107461740000 - 70 6
63107462700000 - 70 6
63107635740000 - 65 70 6
63107657460000 - 65 6
63107712900000 - 65 6
63107972760000 - 65 6
63108581820000 - 65 70 6
63108584160000 - 65 6
63108585540000 - 65 6
63108585720000 - 65 6
63108662460000 - 65 70 6
63108663660000 - 65 70 6
63108663900000 - 65 70 6
63108671760000 - 65 70 6
63108757260000 - 65 70 6
63108758340000 - 65 70 6
63108773700000 - 65 6
63108842460000 - 65 6
63109188420000 - 65 6
63109210920000 - 65 70 6
63109268160000 - 70 6
63109387020000 - 74 6
63109812480000 - 65 6 111
63109958520000 - 65 70 6
63109969320000 - 6 111
63109990920000 - 65 6
63110133000000 - 65 6
63111085380000 - 65 6
63111199260000 - 65 6
63111710640000 - 54 6
63111776220000 - 65 6
63111792960000 - 54 6
63113009340000 - 65 6
63113514000000 - 70 6
63114193740000 - 65 6
63114205260000 - 65 6
63114222540000 - 65 6
63114223740000 - 65 6
63114370080000 - 65 6
63114378840000 - 70 6
63114808200000 - 65 6
63114903300000 - 65 6
63115433760000 - 70 6
63115487100000 - 70 6
63115487880000 - 70 6
63116092740000 - 65 6
63116187120000 - 65 6
63116543340000 - 70 6
63116546640000 - 70 6
63116548140000 - 70 6
63116549100000 - 70 6
63116555280000 - 70 6
63117130740000 - 65 70 6
63117216180000 - 65 70 6
63117319620000 - 65 70 97 6
63117320400000 - 65 6
63117656700000 - 65 70 6
63117661020000 - 65 6
63118602780000 - 6 111
63119123700000 - 65 6
63119127060000 - 65 6
63120703020000 - 65 70 6
63120742620000 - 65 70 6
63120772140000 - 65 6
63120811740000 - 65 6
63121285020000 - 70 6
63121285980000 - 70 6
63121324620000 - 70 6
63121325580000 - 70 6
63122253480000 - 74 6 111
63122289480000 - 74 6 111
63122499660000 - 65 70 6
63122513280000 - 65 6
63122535660000 - 65 70 6
63122549280000 - 65 6
63137286882000 - 65 6
63137366836000 - 65 6
63137724585000 - 65 6
63137730853000 - 65 41 6
63138919476000 - 65 6
63140139934000 - 65 6
63140400478000 - 65 6
63140673209000 - 65 6
63140919615000 - 65 6
63140920457000 - 65 6
63140925214000 - 65 6
63140940080000 - 65 6
63141442678000 - 65 6
63141621032000 - 6 88
63141621448000 - 145 6
63141886943000 - 65 6
63142474451000 - 65 6
63142639750000 - 6 88
63144289319000 - 65 6
63144462131000 - 65 6
63145773824000 - 6 88
63146098385000 - 65 6
63146971154000 - 65 6
63146975277000 - 65 6
63147915889000 - 65 6
63148623733000 - 65 6
63148624305000 - 65 6
63148624542000 - 65 6
63148624668000 - 65 6
63141267992000 - 7 9 126 21
63141275312000 - 7 126
63145773917000 - 7 28
63146119482000 - 7 104
63148180705000 - 7 60 28
63081041160000 - 8 115
63081132900000 - 95 141 112 107 59 70 8 39 6 49
63081396240000 - 63 8 115
63081455460000 - 63 8 115
63082249620000 - 143 8
63082251720000 - 123 97 8 141 6 30
63082950540000 - 61 8
63084420180000 - 8 129
63084588420000 - 59 70 8
63085199460000 - 140 8
63087521520000 - 140 8
63088734300000 - 23 140 8
63088735860000 - 8 12
63091160460000 - 63 8
63093467220000 - 61 8
63093569400000 - 23 63 8
63093576060000 - 23 8
63094441860000 - 23 63 8
63095647140000 - 23 8
63095896500000 - 8 118
63095909340000 - 61 8
63095913840000 - 23 63 8
63096170160000 - 23 8
63097812060000 - 77 8
63097902420000 - 23 63 8
63098078340000 - 23 8
63098504580000 - 23 63 8
63098679900000 - 8 115
63100231380000 - 23 63 8
63101517000000 - 39 101 145 143 59 70 8 141 49 30
63101687100000 - 8 115
63102305400000 - 39 101 145 143 59 70 8 141 49 30
63102533100000 - 23 8
63102717960000 - 61 8
63102908880000 - 77 8
63103140420000 - 23 63 8
63103142520000 - 23 63 8
63104456100000 - 23 63 8
63104547300000 - 8 141
63105763920000 - 23 63 8
63106281300000 - 8 141
63106972260000 - 8 141
63107580000000 - 23 63 8
63107589720000 - 8 118
63107593200000 - 8 141
63108343800000 - 23 63 8
63109202040000 - 8 141
63109216980000 - 8 57
63110422740000 - 23 63 61 8
63110423100000 - 136 8
63111004740000 - 56 8
63111015480000 - 61 8
63111026040000 - 63 8
63111029460000 - 23 61 8
63111120960000 - 23 63 61 8
63111897780000 - 61 8
63112215600000 - 8 141
63112589700000 - 23 63 61 8
63112908120000 - 23 63 77 140 8 118 115 12
63112909680000 - 59 8 141
63113680260000 - 8 141
63114112500000 - 23 63 61 8
63114370020000 - 56 8
63114833280000 - 61 8
63115022040000 - 23 63 61 8
63115851840000 - 61 8
63116127060000 - 132 8
63116127180000 - 8
63116705340000 - 140 8
63116817060000 - 23 63 8
63116817540000 - 8 141
63116818020000 - 59 8 39
63117172260000 - 23 63 61 8
63119133060000 - 140 8
63119841600000 - 61 8
63119844840000 - 63 61 8
63119846160000 - 8 141
63121642680000 - 61 8
63121649640000 - 61 8
63121682280000 - 61 8
63121689240000 - 61 8
63121976880000 - 8 118
63122012880000 - 8 118
63122032380000 - 8 141
63122094480000 - 61 8
63122130480000 - 61 8
63122521140000 - 8 141
63122521980000 - 8 141
63122557140000 - 8 141
63122557980000 - 8 141
63122667420000 - 61 8
63122669100000 - 61 8
63122695920000 - 147 8
63122703420000 - 61 8
63122705100000 - 61 8
63122731920000 - 147 8
63123265200000 - 8 141
63123293520000 - 61 8
63123301200000 - 8 141
63123329520000 - 61 8
63123455640000 - 61 8
63123491640000 - 61 8
63123722880000 - 61 8
63123732480000 - 8 12
63123758880000 - 61 8
63123819817000 - 147 8
63126167935000 - 147 8
63127366666000 - 23 63 8
63137147742000 - 61 8
63137200751000 - 61 8
63137207761000 - 61 8
63137638220000 - 23 8
63137750630000 - 8 12
63137995406000 - 23 52 63 77 140 61 64 8 12 24
63137996499000 - 64 8
63137999037000 - 80 2 40 21 134 7 9 128 102 60 26 85 147 19 75 59 29 8 51 6 88 3 61 72 95 38 111 63 13 14 78 126 48 94 97 105
63138418496000 - 145 8
63139799670000 - 8 12
63139822521000 - 63 61 8 12
63139822796000 - 59 8
63140151100000 - 8
63141028472000 - 140 8
63141194843000 - 140 8
63141359185000 - 8
63141869400000 - 61 8
63141911591000 - 61 8
63144487515000 - 61 8
63144551781000 - 104 8
63144559759000 - 63 61 8
63145673771000 - 61 8
63145674398000 - 140 8
63145689492000 - 61 8
63145698752000 - 61 8
63145702624000 - 61 8
63145783842000 - 61 8
63145787051000 - 61 8
63145841004000 - 61 8
63145928822000 - 63 61 8
63146395126000 - 61 8
63146532199000 - 63 8
63146714871000 - 63 8
63146809006000 - 63 8
63102204300000 - 11 85
63102797340000 - 11 115
63114136980000 - 11 115
63117308940000 - 61 11
63117309180000 - 23 11
63117314580000 - 40 11
63122752320000 - 78 11
63123121020000 - 11 115
63123194820000 - 11 115
63123230820000 - 11 115
63104688480000 - 63 12
63106501920000 - 23 12
63111626760000 - 12
63111628140000 - 12
63111630660000 - 12
63111796500000 - 63 12
63113005080000 - 63 12
63113176140000 - 23 12
63113179440000 - 23 12
63114996600000 - 12
63115403400000 - 23 12
63116530680000 - 23 12
63116573880000 - 23 12
63117834600000 - 23 12
63117877800000 - 23 12
63119250822000 - 17 12 57
63120712860000 - 140 12
63122767510000 - 23 12
63123746133000 - 8 12
63125559111000 - 63 140 12
63126170057000 - 23 12
63126318052000 - 77 12
63126915320000 - 63 12
63131329294000 - 140 12
63131587595000 - 12
63131752317000 - 63 12
63133142030000 - 23 12
63137729645000 - 63 12
63137983041000 - 8 12
63140076779000 - 64 12
63140249719000 - 12
63140323981000 - 12
63141281362000 - 140 12
63141631591000 - 140 12
63145411807000 - 61 12
63145669241000 - 147 12
63145843919000 - 61 12
63147051774000 - 61 12
63103539180000 - 13
63104374140000 - 13
63112319760000 - 13 126
63118431840000 - 13
63118886820000 - 13
63119044140000 - 7 13
63120857340000 - 13
63123817500000 - 7 13
63123853500000 - 7 13
63125195940000 - 7 13
63125231940000 - 7 13
63132258060000 - 13 53
63132258420000 - 13 53
63132372600000 - 13 53
63142735909000 - 13
63142742989000 - 13
63100743720000 - 9 14 148 93 38
63102196500000 - 14 60
63104019540000 - 14 60
63146365286000 - 14 60
63148185866000 - 14 105
63080784000000 - 43 15
63083270940000 - 76 15
63083543760000 - 108 15
63093164880000 - 15
63096225180000 - 108 15
63096926040000 - 15
63109810200000 - 132 104 15
63111632700000 - 43 15
63111656160000 - 43 15
63111656640000 - 15
63111719820000 - 15
63111743760000 - 104 15
63111799200000 - 104 15
63111909780000 - 43 15
63111977340000 - 132 104 15
63112323780000 - 108 15
63125824140000 - 108 15
63140941849000 - 63 61 15
63142596417000 - 8 15
63142753959000 - 8 15
63142753987000 - 8 15
63137116667000 - 17 33
63137118123000 - 17 33
63137138787000 - 17 33
63137656976000 - 68 27 17 36 138
63137918349000 - 69 17
63138246366000 - 17 110
63138315390000 - 17 52
63138393467000 - 17 76
63138406730000 - 17 52
63138430150000 - 17 76
63138488253000 - 17 76
63139031003000 - 17 76
63139033583000 - 17 33
63139547999000 - 69 17
63139709128000 - 17 46
63139709669000 - 17 76
63140078337000 - 17 76 138 45
63142038021000 - 17 36 46
63142059024000 - 17 46
63142424240000 - 17 46
63142654558000 - 27 17
63142731945000 - 69 17
63142734669000 - 17
63142853655000 - 17 76
63142921698000 - 17 46
63143075299000 - 17 36
63143075848000 - 17 46
63143185414000 - 17 76
63143425940000 - 17 76 46 52
63143855557000 - 68 17
63143860773000 - 17 36
63144713335000 - 17
63146709651000 - 69 17
63146880768000 - 69 17
63146891152000 - 69 17
63149143310000 - 17 46
63149225331000 - 17 36 46
63149408455000 - 17 52 46
63150077506000 - 17 46
63151801149000 - 69 17
63152506708000 - 17 138
63152519948000 - 53 17
63152521500000 - 69 17
63122120160000 - 109 18
63122120580000 - 109 18
63122123880000 - 109 18
63123432600000 - 4 130 84 18
63124628820000 - 109 18
63133702600000 - 109 113 18
63133852781000 - 109 113 18
63134895017000 - 109 18
63137842115000 - 4 130 18
63138594300000 - 144 18
63140947667000 - 113 18
63143199886000 - 109 18
63147072476000 - 109 18
63103998540000 - 19
63107639940000 - 19
63134626182000 - 78 29 19 62 65 41 6 85
63134696927000 - 128 19
63134705143000 - 19 28
63135465246000 - 19 6
63135986876000 - 19 6
63136079824000 - 78 29 19 62 65 41 6 85
63136696348000 - 78 29 19 62 65 41 6 85
63137904233000 - 78 29 19 62 65 41 6 85
63137977137000 - 19
63138510573000 - 78 29 19 62 65 41 6 85
63139108030000 - 19
63140163092000 - 103 19
63140411465000 - 19
63076788480000 - 125 116 20
63102133320000 - 125 20
63102285000000 - 125 20
63103227900000 - 125 20
63103228080000 - 125 116 20
63103228260000 - 125 44 20
63103228380000 - 125 44 20
63103235760000 - 57 20
63103246860000 - 44 125 116 57 20
63103247880000 - 125 20
63103248780000 - 44 20
63103252140000 - 125 20
63103258200000 - 125 20
63103315500000 - 125 44 20
63103317420000 - 125 20
63103325100000 - 44 20
63103413480000 - 4 125 44 20
63103414020000 - 125 20
63103425300000 - 125 116 57 20
63103432680000 - 125 20
63103439220000 - 125 44 20
63103440660000 - 125 20
63103487400000 - 57 20
63103497720000 - 125 116 57 20
63103498200000 - 57 20
63103498860000 - 125 20
63103499760000 - 44 125 116 57 20
63103502520000 - 125 116 57 20
63103505220000 - 57 20
63103509540000 - 112 20
63103515240000 - 125 116 57 20
63103845900000 - 44 20
63103846020000 - 125 20
63103855800000 - 44 20
63103860600000 - 125 44 20
63103861800000 - 33 20
63103917360000 - 33 20
63103933140000 - 125 116 44 20
63103936860000 - 53 20
63103948560000 - 44 4 125 116 127 20
63103958580000 - 125 116 57 20
63104027220000 - 4 125 116 44 20
63104096760000 - 125 116 20
63104101380000 - 125 116 44 20
63104101620000 - 44 20
63104298300000 - 125 20
63104482200000 - 44 125 116 57 20
63104482560000 - 125 20
63104527380000 - 125 116 20
63104532480000 - 125 20
63104541720000 - 57 20
63104552520000 - 57 125 116 44 20
63104567760000 - 4 125 116 44 20
63104612040000 - 125 20
63104612760000 - 125 20
63104627220000 - 44 20
63104627460000 - 125 44 20
63104637540000 - 125 20
63104698740000 - 57 20
63104707140000 - 125 44 20
63104722260000 - 116 20
63104723220000 - 116 20
63104729100000 - 125 20
63104962260000 - 125 20
63104962320000 - 125 20
63104962500000 - 125 20
63105121800000 - 125 20
63105225300000 - 125 116 20
63105313200000 - 125 116 20
63105338640000 - 125 116 20
63105484020000 - 20
63105560760000 - 125 20
63105572940000 - 125 20
63105580200000 - 125 20
63105584580000 - 112 20
63105660360000 - 125 116 20
63105821880000 - 112 20
63105828480000 - 125 116 20
63105832140000 - 125 20
63105832320000 - 125 20
63105852900000 - 112 20
63105903720000 - 112 20
63105904860000 - 44 20
63105905640000 - 125 20
63105912780000 - 125 20
63105932640000 - 108 20
63105933960000 - 125 116 108 44 20
63106187220000 - 125 20
63106194960000 - 116 20
63106195380000 - 125 116 20
63106333440000 - 116 20
63106335900000 - 125 116 20
63106387320000 - 125 20
63106433640000 - 125 20
63106436820000 - 112 20
63106437360000 - 112 20
63106448100000 - 125 20
63106459500000 - 125 20
63106509300000 - 125 20
63106509420000 - 125 20
63106510320000 - 108 20
63106516740000 - 125 20
63106517520000 - 125 20
63106517940000 - 125 20
63106526760000 - 116 20
63106528260000 - 125 116 20
63106531320000 - 125 20
63106596900000 - 116 20
63106597740000 - 125 20
63106731300000 - 57 20
63106772040000 - 125 20
63106772220000 - 125 108 20
63106783080000 - 108 20
63106783740000 - 125 116 20
63106791840000 - 125 20
63106792560000 - 125 20
63106799820000 - 125 20
63106865760000 - 125 20
63106869960000 - 125 20
63106870560000 - 125 20
63106879800000 - 20
63106881240000 - 125 116 20
63106884120000 - 116 20
63106885020000 - 125 20
63106952520000 - 125 116 20
63106957500000 - 116 20
63106959240000 - 125 116 20
63106967400000 - 57 20
63106971720000 - 125 20
63106973400000 - 125 20
63106974600000 - 125 20
63107026860000 - 44 20
63107029920000 - 125 20
63107038320000 - 125 116 44 20
63107039700000 - 125 116 44 20
63107046120000 - 112 20
63107046420000 - 125 108 44 20
63107119260000 - 57 20
63107120160000 - 44 20
63107121480000 - 44 20
63107131620000 - 125 116 20
63107140620000 - 125 20
63107143860000 - 125 116 20
63107374740000 - 57 20
63107390580000 - 20
63107409240000 - 4 125 116 44 20
63107461680000 - 125 116 44 20
63107581200000 - 44 20
63107633700000 - 20
63107648160000 - 125 44 20
63107654280000 - 44 20
63107662080000 - 44 20
63107722560000 - 125 116 108 44 20
63107731260000 - 116 20
63107731560000 - 4 125 44 20
63107739240000 - 4 116 44 20
63108075120000 - 45 112 20
63108076800000 - 125 20
63108079620000 - 108 20
63108080160000 - 44 20
63108092460000 - 43 125 44 20
63108158220000 - 125 20
63108159600000 - 44 20
63108232140000 - 44 20
63108237060000 - 112 20
63108328800000 - 125 20
63108443520000 - 125 20
63108444180000 - 125 116 20
63108674880000 - 125 20
63108694800000 - 116 20
63108760500000 - 125 116 20
63108767820000 - 125 116 44 20
63108773520000 - 125 20
63108774000000 - 125 20
63108792420000 - 51 20
63108945900000 - 125 116 44 20
63109040700000 - 125 44 20
63109040760000 - 125 44 20
63109041540000 - 125 44 20
63109041780000 - 125 20
63109195680000 - 125 44 20
63109198560000 - 125 44 20
63109200660000 - 125 116 44 20
63109211100000 - 44 20
63109220820000 - 125 44 20
63109276440000 - 57 20
63109278060000 - 125 57 20
63109286340000 - 57 20
63109288500000 - 125 116 20
63109288740000 - 57 20
63109293960000 - 57 20
63109304460000 - 125 44 20
63109304760000 - 44 20
63109364640000 - 125 108 20
63109386420000 - 57 20
63109454700000 - 112 20
63109458180000 - 17 20
63109467480000 - 112 20
63109482660000 - 125 116 44 20
63109542060000 - 20
63109544580000 - 125 116 44 20
63109793760000 - 57 20
63109794180000 - 125 20
63109880460000 - 4 125 116 44 20
63109881660000 - 44 20
63109961340000 - 116 20
63109962060000 - 125 116 44 20
63109964940000 - 4 44 20
63109967280000 - 125 116 20
63109967820000 - 125 108 44 20
63109969320000 - 51 20
63109999860000 - 125 116 20
63110000700000 - 125 116 20
63110058180000 - 125 44 20
63110062800000 - 125 44 20
63110082840000 - 125 20
63110086440000 - 125 20
63110141940000 - 125 20
63110153160000 - 125 108 44 20
63110154960000 - 125 116 20
63110397720000 - 125 20
63110406060000 - 125 116 44 20
63110418960000 - 4 125 44 20
63110423280000 - 116 20
63110425560000 - 116 20
63110429820000 - 4 125 116 44 20
63110507580000 - 44 20
63110509020000 - 44 20
63110569920000 - 116 20
63110569980000 - 125 116 20
63110570040000 - 116 20
63110571120000 - 125 20
63110592000000 - 116 44 20
63110595300000 - 125 20
63110600880000 - 112 20
63111099540000 - 125 116 20
63111100260000 - 116 20
63111100440000 - 116 20
63111101400000 - 125 44 20
63111101760000 - 4 125 116 44 20
63111178740000 - 125 116 44 20
63111179160000 - 4 44 20
63111189360000 - 125 116 44 20
63111266340000 - 125 116 57 20
63111268140000 - 125 116 44 20
63111273900000 - 116 44 20
63111278460000 - 125 116 20
63111278880000 - 116 20
63111279180000 - 116 20
63111291000000 - 116 20
63111291360000 - 125 116 44 20
63111295860000 - 20
63111375060000 - 4 125 116 44 20
63111382500000 - 125 116 20
63111383280000 - 4 20
63111608700000 - 4 20
63111626460000 - 125 116 20
63111639420000 - 125 116 20
63111874380000 - 4 125 20
63111886620000 - 125 116 17 44 20
63111962880000 - 125 116 20
63112213200000 - 4 125 20
63112219140000 - 125 20
63112221720000 - 44 20
63112227300000 - 23 63 125 116 20
63112227660000 - 44 20
63112301820000 - 116 20
63112302240000 - 116 20
63112302660000 - 45 112 20
63112310220000 - 125 116 44 20
63112310340000 - 125 20
63112315200000 - 57 125 116 17 44 20
63112318560000 - 125 116 44 20
63112319100000 - 125 116 44 20
63112325820000 - 4 125 116 44 20
63112330800000 - 125 116 20
63112386960000 - 116 20
63112388160000 - 116 20
63112389420000 - 116 20
63112394880000 - 4 125 116 44 20
63112395000000 - 116 20
63112397460000 - 4 125 116 44 20
63112398960000 - 116 20
63112418940000 - 116 44 20
63112476300000 - 44 20
63112491120000 - 125 116 44 20
63112491360000 - 125 20
63112507920000 - 125 116 20
63112823520000 - 125 20
63112850520000 - 125 116 20
63112910940000 - 125 116 20
63112911780000 - 125 116 112 17 44 20
63112913760000 - 125 20
63112990980000 - 125 20
63112994580000 - 125 116 20
63112998660000 - 4 125 116 44 20
63113007540000 - 4 125 116 44 20
63113007840000 - 125 116 20
63113015580000 - 4 125 116 44 20
63113018040000 - 125 20
63113026560000 - 125 116 44 20
63113109240000 - 125 116 20
63113512260000 - 125 116 44 20
63113512860000 - 45 125 116 112 17 20
63113526900000 - 125 116 44 20
63113598420000 - 125 20
63113633820000 - 4 125 116 20
63113634060000 - 20
63113718960000 - 20
63113775060000 - 1 4 125 116 44 20
63113864700000 - 20
63114111360000 - 57 20
63114115020000 - 125 116 44 20
63114139680000 - 20
63114198180000 - 125 20
63114203580000 - 20
63114207240000 - 20
63114207540000 - 125 116 20
63114207900000 - 20
63114210780000 - 20
63114211200000 - 20
63114211620000 - 57 20
63114231420000 - 20
63114231840000 - 125 116 20
63114235680000 - 20
63114235920000 - 125 116 20
63114289320000 - 116 20
63114303480000 - 20
63114321660000 - 125 116 20
63114593400000 - 125 116 20
63114676200000 - 125 116 108 44 20
63114688140000 - 116 20
63114762960000 - 116 20
63114894660000 - 4 125 116 20
63114925500000 - 125 20
63114926220000 - 4 125 116 20
63114976800000 - 125 20
63115011600000 - 4 125 116 20
63115011660000 - 4 125 116 20
63115011900000 - 4 125 116 20
63115371000000 - 4 125 116 20
63115371660000 - 125 116 44 20
63115500720000 - 125 20
63115580700000 - 1 125 116 20
63115582200000 - 17 20
63115714440000 - 125 116 20
63115714860000 - 4 125 116 20
63115714980000 - 4 125 116 20
63115755780000 - 4 125 116 20
63115755960000 - 112 17 20
63115756200000 - 4 125 116 20
63115756920000 - 4 125 116 20
63115789320000 - 57 20
63115850280000 - 125 20
63115855740000 - 4 125 116 20
63115865400000 - 20
63115865880000 - 125 116 20
63115866060000 - 125 116 20
63115930080000 - 4 125 116 20
63115930620000 - 4 125 116 20
63115930680000 - 4 125 116 20
63115931820000 - 125 20
63115932600000 - 125 20
63115932960000 - 4 125 116 20
63115941840000 - 125 116 20
63115948560000 - 112 20
63115950180000 - 112 20
63115952220000 - 4 125 116 20
63115952520000 - 125 20
63115953480000 - 125 20
63115956120000 - 125 116 20
63115959420000 - 4 125 116 108 20
63115961640000 - 125 20
63116015940000 - 4 125 116 108 20
63116019120000 - 4 125 116 108 20
63116027940000 - 125 116 20
63116033220000 - 125 116 20
63116033940000 - 125 116 20
63116098920000 - 4 125 116 108 20
63116099340000 - 4 125 116 108 20
63116104740000 - 4 125 116 108 20
63116110080000 - 4 125 116 108 20
63116120400000 - 4 125 116 108 20
63116121420000 - 4 125 116 108 20
63116191260000 - 4 125 116 108 20
63116194920000 - 116 20
63116196300000 - 125 116 44 20
63116213100000 - 4 125 116 108 20
63116217960000 - 125 20
63116219940000 - 125 116 44 20
63116220960000 - 4 125 116 108 20
63116398860000 - 125 116 20
63116399160000 - 4 125 116 108 20
63116455020000 - 125 116 20
63116471640000 - 125 116 20
63116548980000 - 4 125 116 108 20
63116611140000 - 4 125 116 108 20
63116641380000 - 4 125 116 108 20
63116641440000 - 4 125 116 108 20
63116641500000 - 4 125 116 108 20
63116710260000 - 57 20
63116735940000 - 4 125 116 108 20
63116828100000 - 125 116 44 20
63116828220000 - 125 116 20
63116927040000 - 4 125 116 108 20
63117051300000 - 4 125 116 108 20
63117051720000 - 4 125 116 108 20
63117074400000 - 4 125 116 108 20
63117149100000 - 116 20
63117156720000 - 4 125 116 108 20
63117185580000 - 4 125 116 108 20
63117251460000 - 125 20
63117264240000 - 4 125 116 108 20
63117310500000 - 4 125 116 108 20
63117319560000 - 125 116 20
63117327900000 - 4 125 116 108 20
63117329520000 - 4 125 116 108 20
63117397440000 - 125 116 20
63117399000000 - 125 116 20
63117399180000 - 4 125 116 108 20
63117409620000 - 125 116 20
63117411840000 - 125 20
63117519660000 - 112 20
63117520500000 - 4 125 116 108 20
63117667380000 - 4 125 116 108 20
63117675420000 - 125 116 20
63117677220000 - 4 125 116 108 20
63117743640000 - 112 20
63117744660000 - 4 125 116 108 20
63117815880000 - 4 125 116 108 20
63117824580000 - 4 125 116 108 20
63117826020000 - 125 20
63117828660000 - 112 20
63117832560000 - 4 125 116 108 20
63117842580000 - 4 125 116 108 20
63117859740000 - 4 125 116 108 20
63117907560000 - 4 125 116 108 20
63117908100000 - 4 125 116 108 20
63117919920000 - 4 125 116 108 20
63117943860000 - 125 116 20
63117996540000 - 125 116 20
63118040760000 - 4 125 116 108 20
63118040940000 - 4 125 116 108 20
63118041360000 - 4 125 116 108 20
63118041480000 - 4 125 116 108 20
63118180800000 - 125 116 20
63118351440000 - 4 125 116 108 20
63118356240000 - 125 116 20
63118366320000 - 4 125 116 108 20
63118378080000 - 125 116 20
63118378380000 - 4 125 116 108 20
63118381140000 - 4 125 116 108 20
63118383660000 - 4 125 116 108 20
63118478700000 - 125 116 20
63118478820000 - 4 125 116 108 20
63118479120000 - 4 125 116 108 20
63118529460000 - 116 20
63118531560000 - 4 125 116 108 20
63118533000000 - 4 125 116 108 20
63118537020000 - 4 125 116 108 20
63118610280000 - 4 125 116 108 20
63118626180000 - 4 125 116 108 20
63118629720000 - 4 125 116 108 20
63118630440000 - 4 125 116 108 20
63118635360000 - 125 116 20
63118797420000 - 20
63118797900000 - 4 125 116 108 20
63118798560000 - 116 20
63118881660000 - 116 20
63118886700000 - 116 20
63118896600000 - 125 116 20
63118954200000 - 4 125 44 20
63118957620000 - 125 116 20
63118958760000 - 125 116 20
63118966500000 - 116 20
63118979220000 - 125 116 20
63118979460000 - 4 125 116 108 20
63118982700000 - 125 20
63118986660000 - 112 33 20
63118986960000 - 125 116 20
63119038680000 - 125 20
63119043300000 - 125 20
63119060220000 - 20
63119060340000 - 33 20
63119063580000 - 4 125 116 108 20
63119065920000 - 125 20
63119073240000 - 125 116 20
63119213040000 - 125 116 20
63119224020000 - 125 116 20
63119233080000 - 125 116 20
63119243040000 - 125 20
63119243100000 - 125 20
63119245320000 - 4 125 116 108 20
63119392200000 - 4 125 116 108 20
63119474160000 - 125 116 20
63119488740000 - 125 20
63119490900000 - 125 20
63119493240000 - 4 125 116 108 44 20
63119497800000 - 4 125 116 108 20
63119497980000 - 4 125 116 108 20
63119559900000 - 4 125 116 108 20
63119560260000 - 4 125 116 108 20
63119561460000 - 125 20
63119565900000 - 125 116 108 20
63119579160000 - 125 116 108 20
63119580780000 - 125 20
63119592360000 - 125 116 108 20
63119592480000 - 125 20
63119641020000 - 125 20
63119647680000 - 125 116 108 20
63119668020000 - 125 116 108 20
63119669040000 - 125 116 20
63119674800000 - 45 112 33 20
63119674920000 - 20
63119675460000 - 20
63119731200000 - 125 116 108 20
63119732160000 - 125 116 108 20
63119732280000 - 125 116 20
63119733060000 - 125 116 20
63119736540000 - 125 116 108 20
63119736600000 - 125 116 108 20
63119737020000 - 125 20
63119908980000 - 125 116 108 20
63119909160000 - 125 116 108 20
63119909640000 - 125 116 108 20
63120073140000 - 125 20
63120076680000 - 125 116 20
63120077220000 - 125 116 108 20
63120077760000 - 125 116 108 20
63120078420000 - 125 116 108 20
63120078840000 - 125 116 108 20
63120079860000 - 125 116 108 20
63120081600000 - 125 44 20
63120097680000 - 125 20
63120097860000 - 125 44 20
63120100860000 - 57 20
63120102720000 - 125 20
63120160440000 - 125 20
63120160620000 - 125 116 20
63120161220000 - 125 116 20
63120163020000 - 125 20
63120164280000 - 125 116 20
63120165840000 - 125 116 20
63120167040000 - 116 20
63120167160000 - 125 116 108 20
63120170340000 - 125 116 20
63120183060000 - 125 20
63120188040000 - 125 116 108 20
63120188760000 - 125 116 108 20
63120193920000 - 125 20
63120250380000 - 125 116 108 20
63120251160000 - 125 116 108 44 20
63120251460000 - 125 116 20
63120261420000 - 125 116 20
63120262980000 - 125 116 108 20
63120265320000 - 125 116 20
63120271980000 - 125 116 108 20
63120272280000 - 125 116 20
63120280980000 - 125 20
63120282720000 - 125 116 20
63120332940000 - 125 116 108 20
63120333240000 - 125 116 20
63120339660000 - 125 20
63120354240000 - 1 33 45 112 17 44 20
63120361560000 - 125 20
63120423240000 - 125 20
63120424080000 - 4 125 116 108 20
63120426660000 - 125 116 108 20
63120427740000 - 125 116 20
63120427860000 - 125 116 108 20
63120430380000 - 125 116 20
63120679980000 - 125 116 20
63120684120000 - 125 20
63120688020000 - 125 116 20
63120688980000 - 125 116 108 20
63120689400000 - 125 116 44 20
63120693120000 - 125 116 20
63120702000000 - 125 116 20
63120716640000 - 125 116 20
63120716880000 - 125 20
63120717060000 - 125 116 44 20
63120765840000 - 125 116 44 20
63120768360000 - 125 116 20
63120781260000 - 125 116 108 20
63120788520000 - 112 20
63120795600000 - 125 116 20
63120795960000 - 125 116 20
63120801540000 - 116 20
63120850980000 - 125 116 108 20
63120851460000 - 125 20
63120851580000 - 125 116 108 20
63120851760000 - 116 20
63120852120000 - 125 116 108 20
63120853920000 - 125 116 108 20
63120854820000 - 125 116 108 44 20
63120874860000 - 116 20
63120882420000 - 125 116 20
63120882600000 - 125 116 57 20
63120940440000 - 125 116 108 20
63120961920000 - 125 116 108 20
63121026060000 - 125 116 20
63121026420000 - 125 20
63121027140000 - 125 116 108 20
63121028280000 - 116 20
63121028820000 - 125 116 108 20
63121031880000 - 125 116 20
63121053600000 - 125 116 20
63121056540000 - 125 116 108 20
63121121820000 - 125 20
63121134360000 - 125 116 108 20
63121207200000 - 125 116 20
63121370460000 - 125 116 20
63121460760000 - 125 116 108 20
63121496640000 - 116 20
63121497060000 - 125 20
63121497240000 - 125 116 20
63121497600000 - 112 20
63121558500000 - 125 20
63121632960000 - 125 116 108 20
63121633560000 - 125 20
63121634580000 - 125 116 108 20
63121635360000 - 125 116 108 20
63121637100000 - 125 116 108 20
63121660800000 - 125 116 108 20
63121660920000 - 125 116 108 20
63121660980000 - 125 116 108 20
63121661220000 - 125 116 108 20
63121914480000 - 125 116 108 20
63121920960000 - 125 116 108 20
63121994100000 - 125 20
63122065560000 - 125 116 108 20
63122068380000 - 125 116 108 20
63122069460000 - 125 116 108 20
63122070420000 - 20
63122071380000 - 125 116 20
63122079120000 - 125 116 108 20
63122107980000 - 125 116 108 20
63122108220000 - 125 20
63122108400000 - 125 116 108 20
63122108580000 - 125 116 20
63122151660000 - 125 116 20
63122153640000 - 125 20
63122153880000 - 125 20
63122156760000 - 125 116 20
63122157360000 - 125 116 20
63122162460000 - 125 116 20
63122164920000 - 125 20
63122165100000 - 125 116 108 20
63122169780000 - 125 20
63122173080000 - 125 116 108 20
63122174040000 - 125 20
63122239740000 - 125 116 108 20
63122240820000 - 125 116 108 20
63122241540000 - 125 116 108 20
63122241660000 - 125 116 108 20
63122247120000 - 125 116 108 20
63122253420000 - 125 20
63122261160000 - 125 116 108 20
63122363880000 - 125 116 108 20
63122494560000 - 125 116 108 20
63122494680000 - 125 116 20
63122494860000 - 125 20
63122519100000 - 125 116 20
63122526720000 - 125 20
63122594820000 - 112 20
63122595720000 - 112 20
63122606880000 - 125 116 20
63122619900000 - 125 116 20
63122674740000 - 112 20
63122694180000 - 125 116 20
63122695320000 - 125 20
63122695740000 - 125 116 20
63122838780000 - 125 20
63122839260000 - 125 20
63122841660000 - 125 20
63122844540000 - 125 20
63122855160000 - 125 20
63123121860000 - 125 116 20
63123195960000 - 125 116 20
63123210660000 - 125 116 20
63123287940000 - 125 116 20
63123366480000 - 45 125 116 17 33 20
63123366540000 - 125 116 108 20
63123367200000 - 57 20
63123372840000 - 125 20
63123377100000 - 125 20
63123378300000 - 57 20
63123384840000 - 125 20
63123446760000 - 125 20
63123452340000 - 125 116 20
63123452640000 - 125 20
63123453360000 - 125 116 20
63123463200000 - 125 116 20
63123471840000 - 125 116 108 20
63123545880000 - 125 116 20
63123705840000 - 45 33 20
63123708660000 - 125 20
63123715320000 - 125 20
63123722160000 - 125 20
63123722640000 - 125 116 108 20
63123723600000 - 125 116 108 20
63123805320000 - 125 116 20
63123805560000 - 112 20
63123821820000 - 125 116 20
63123875280000 - 125 116 108 20
63123881820000 - 125 20
63123888120000 - 125 116 20
63123906120000 - 125 116 20
63123907440000 - 125 20
63123965100000 - 116 20
63123965940000 - 116 20
63123970020000 - 125 116 20
63123973740000 - 125 116 20
63123985080000 - 112 20
63123989520000 - 116 20
63123990120000 - 125 116 108 20
63123990300000 - 116 20
63124048080000 - 125 116 20
63124048260000 - 116 20
63124049220000 - 125 20
63124049460000 - 125 20
63124053000000 - 125 20
63124054260000 - 116 20
63124054860000 - 125 20
63124060800000 - 125 116 108 20
63124065840000 - 116 20
63124070700000 - 125 116 20
63124076460000 - 125 116 20
63124076700000 - 116 20
63124078620000 - 125 116 108 20
63124387740000 - 125 20
63124414020000 - 20
63124422480000 - 125 20
63124422600000 - 125 116 108 20
63124430160000 - 125 116 20
63124500360000 - 125 20
63124652820000 - 125 116 20
63124676820000 - 125 116 20
63124679160000 - 125 20
63124679460000 - 125 116 20
63124696020000 - 125 116 20
63124909500000 - 57 20
63124910520000 - 125 116 20
63124944240000 - 125 20
63124944300000 - 125 116 20
63125020620000 - 116 20
63125109180000 - 125 116 108 20
63125178180000 - 125 116 108 20
63125180400000 - 125 116 20
63125182080000 - 125 116 20
63125184480000 - 125 20
63125185800000 - 125 116 20
63125193720000 - 125 20
63125198280000 - 125 116 20
63125199360000 - 125 116 20
63125212980000 - 125 20
63125258220000 - 125 20
63125261220000 - 57 20
63125275440000 - 116 20
63125288400000 - 125 116 20
63125525280000 - 125 116 20
63125536260000 - 125 116 108 20
63125536500000 - 125 20
63125551680000 - 45 136 125 116 17 20
63125556600000 - 125 116 20
63125637480000 - 125 20
63125637600000 - 125 116 108 20
63125639520000 - 125 20
63125698260000 - 125 116 20
63125867400000 - 125 116 20
63125871840000 - 45 136 4 125 116 17 20
63125887920000 - 125 116 20
63125890560000 - 125 116 108 20
63125891640000 - 125 116 20
63126123420000 - 125 116 20
63126134460000 - 125 116 108 20
63126134820000 - 125 116 108 20
63126144720000 - 125 20
63126144780000 - 1 20
63126155160000 - 125 116 108 20
63126158520000 - 125 116 20
63126211680000 - 125 20
63126212520000 - 125 116 20
63126218520000 - 125 116 20
63126219240000 - 125 116 20
63126244080000 - 125 116 108 20
63126300420000 - 125 116 108 20
63126311340000 - 125 116 20
63126315840000 - 20
63126322980000 - 116 20
63126816480000 - 125 20
63126818640000 - 125 116 108 20
63126831240000 - 125 116 20
63126831720000 - 116 20
63126834540000 - 116 20
63126837120000 - 125 116 108 20
63126837420000 - 125 116 108 20
63126850500000 - 125 116 20
63126850800000 - 116 20
63126909000000 - 125 116 20
63126913140000 - 125 116 20
63126986160000 - 125 116 108 20
63126988200000 - 125 116 20
63126988260000 - 125 116 108 20
63126994380000 - 125 116 20
63127012500000 - 125 116 108 20
63127013280000 - 116 20
63127013340000 - 116 20
63127016460000 - 125 116 20
63127017660000 - 125 116 20
63127078440000 - 125 116 108 20
63127079580000 - 125 116 20
63127501020000 - 125 116 108 20
63127501140000 - 125 116 108 20
63127514160000 - 125 116 108 20
63127859640000 - 116 20
63128024220000 - 125 116 108 20
63128279340000 - 125 20
63128561880000 - 125 116 108 20
63128567880000 - 125 116 108 20
63128568420000 - 125 116 108 20
63128632020000 - 116 20
63128652960000 - 125 116 108 20
63128655360000 - 125 116 108 20
63128661060000 - 1 125 116 20
63128737680000 - 112 20
63128740440000 - 125 116 108 20
63128740860000 - 1 20
63128741280000 - 1 125 116 20
63128744280000 - 125 116 20
63128824980000 - 45 136 33 20
63128825280000 - 125 20
63128827080000 - 45 136 17 33 20
63128830320000 - 125 116 20
63128830920000 - 125 20
63128843700000 - 125 116 20
63128843820000 - 125 116 20
63128920200000 - 125 116 108 20
63128973960000 - 125 116 20
63128975280000 - 125 116 20
63129159960000 - 116 20
63129237180000 - 125 116 20
63129262500000 - 125 20
63129498360000 - 125 116 20
63129499260000 - 125 116 20
63129523680000 - 125 116 20
63129579960000 - 125 20
63129615960000 - 125 20
63129794340000 - 125 20
63129794940000 - 125 116 20
63129795480000 - 125 116 20
63129830340000 - 125 20
63129830940000 - 125 116 20
63129831480000 - 125 116 20
63130014960000 - 125 116 108 20
63130015800000 - 125 20
63130027740000 - 125 116 20
63130051800000 - 125 20
63130063740000 - 125 116 20
63130100520000 - 116 20
63130100940000 - 116 20
63130105680000 - 116 20
63130106100000 - 125 116 20
63130108560000 - 1 116 20
63130109280000 - 116 20
63130117740000 - 23 20
63130118460000 - 116 20
63130136520000 - 116 20
63130136940000 - 116 20
63130141680000 - 116 20
63130142100000 - 125 116 20
63130144560000 - 1 116 20
63130145280000 - 116 20
63130153740000 - 23 20
63130154460000 - 116 20
63130274700000 - 125 116 20
63130306620000 - 23 63 1 125 116 140 61 20
63130306800000 - 116 20
63130310700000 - 125 116 20
63130342620000 - 23 63 1 125 116 140 61 20
63130342800000 - 116 20
63130365000000 - 116 20
63130371360000 - 116 20
63130371540000 - 116 20
63130377420000 - 20
63130381980000 - 20
63130385400000 - 125 116 108 20
63130385760000 - 116 20
63130391220000 - 23 63 1 125 116 140 61 20
63130401000000 - 116 20
63130407360000 - 116 20
63130407540000 - 116 20
63130413420000 - 20
63130417980000 - 20
63130421400000 - 125 116 108 20
63130421760000 - 116 20
63130427220000 - 23 63 1 125 116 140 61 20
63130440660000 - 116 20
63130447620000 - 116 20
63130451100000 - 116 20
63130462800000 - 108 20
63130466040000 - 116 20
63130467060000 - 125 116 108 20
63130476660000 - 116 20
63130483620000 - 116 20
63130487100000 - 116 20
63130497600000 - 125 116 108 20
63130498800000 - 108 20
63130502040000 - 116 20
63130503060000 - 125 116 108 20
63130525320000 - 125 116 108 20
63130533600000 - 125 116 108 20
63130535580000 - 108 20
63130535880000 - 116 20
63130536900000 - 116 20
63130559700000 - 116 20
63130563420000 - 125 116 20
63130632120000 - 57 20
63130633740000 - 125 116 20
63130727460000 - 23 63 1 125 140 116 61 20
63130974000000 - 136 20
63130978080000 - 125 116 20
63130978200000 - 116 20
63130981260000 - 136 20
63130985520000 - 45 33 20
63131052960000 - 125 20
63131053500000 - 125 20
63131054460000 - 125 116 20
63131054880000 - 125 20
63131059080000 - 136 20
63131059320000 - 125 116 20
63131081460000 - 125 116 20
63131141760000 - 125 20
63131155380000 - 125 116 20
63131155920000 - 125 116 20
63131156100000 - 118 20
63131156280000 - 125 116 20
63131157660000 - 125 20
63131165640000 - 125 116 20
63131170680000 - 125 116 20
63131218800000 - 116 20
63131219220000 - 125 116 20
63131235060000 - 108 20
63131235240000 - 125 116 20
63131246460000 - 125 108 20
63131307300000 - 23 63 125 140 116 61 20
63131309880000 - 125 116 20
63131358180000 - 125 20
63131398020000 - 23 63 125 140 116 61 20
63131399340000 - 23 63 125 140 116 61 20
63131409060000 - 125 116 20
63131520240000 - 23 63 125 140 116 61 20
63131575260000 - 125 116 20
63131584800000 - 125 116 20
63131600760000 - 23 20
63131600820000 - 116 20
63131655720000 - 23 63 116 61 20
63131667000000 - 125 116 108 20
63131752260000 - 23 63 61 20
63131771760000 - 125 130 129 116 61 38 57 20 23 63 93 56 108 41 1
63131829660000 - 23 63 125 116 140 61 108 20
63131831400000 - 45 125 116 17 33 20
63131834520000 - 17 20
63131845260000 - 125 20
63131851740000 - 17 20
63131853420000 - 125 116 20
63131858220000 - 108 20
63132170820000 - 23 63 125 116 61 20
63132174960000 - 125 116 20
63132175440000 - 116 20
63132180360000 - 125 116 20
63132192540000 - 125 116 20
63132199260000 - 125 116 20
63132200040000 - 125 116 20
63132250620000 - 116 20
63132251880000 - 125 116 20
63132252780000 - 125 116 20
63132252840000 - 116 20
63132262380000 - 125 116 20
63132281940000 - 116 20
63132289980000 - 116 20
63134622551000 - 116 20
63134624918000 - 116 20
63134641652000 - 116 20
63134642074000 - 116 20
63134645167000 - 23 63 116 61 20
63134706223000 - 116 20
63134707825000 - 116 20
63134716757000 - 116 20
63134716986000 - 100 20
63134724007000 - 116 20
63134746285000 - 116 20
63134779868000 - 116 20
63134870546000 - 23 63 116 61 20
63134896210000 - 20
63134955641000 - 23 63 116 61 20
63135122671000 - 23 63 116 61 20
63135214391000 - 116 20
63135215970000 - 23 63 116 61 20
63135384205000 - 136 20
63135384358000 - 116 20
63135384420000 - 116 20
63135547294000 - 116 20
63135549467000 - 116 20
63135636245000 - 116 20
63135725706000 - 116 20
63135828471000 - 116 20
63135838639000 - 116 20
63135842444000 - 116 20
63135847144000 - 116 20
63135850341000 - 23 63 116 61 20
63135913537000 - 116 20
63135998047000 - 116 20
63136016547000 - 23 63 116 61 20
63136102773000 - 23 63 116 61 20
63136160049000 - 116 20
63136171279000 - 23 63 116 61 20
63136178815000 - 23 63 116 61 20
63136179302000 - 116 20
63136255974000 - 23 63 140 116 61 20
63136432880000 - 23 4 63 116 61 127 20
63136441929000 - 23 63 116 140 61 20
63136454743000 - 116 20
63136457361000 - 136 20
63136508415000 - 136 20
63136510783000 - 45 20
63136511800000 - 45 20
63136513044000 - 136 20
63136525358000 - 116 20
63136525574000 - 116 20
63136533130000 - 116 20
63136536978000 - 116 20
63136537882000 - 116 20
63136537908000 - 136 20
63136599209000 - 116 20
63136607491000 - 116 20
63136623962000 - 116 20
63136642534000 - 116 20
63136681733000 - 23 63 116 140 61 20
63136684114000 - 116 20
63136689641000 - 116 20
63136690350000 - 136 20
63136691532000 - 116 20
63136693054000 - 136 20
63136695551000 - 23 63 116 140 61 20
63136698368000 - 23 63 116 140 61 20
63136698638000 - 23 63 116 140 61 20
63136699235000 - 23 63 116 140 61 20
63136704747000 - 116 20
63136775175000 - 136 116 20
63136775442000 - 136 20
63136781290000 - 116 20
63136787244000 - 116 20
63136788538000 - 116 20
63136791380000 - 116 20
63136791735000 - 116 20
63136795400000 - 116 20
63137023393000 - 116 20
63137028312000 - 116 20
63137028344000 - 116 20
63137029011000 - 116 20
63137034521000 - 116 20
63137041736000 - 116 20
63137048554000 - 23 63 116 140 61 20
63137050451000 - 116 20
63137051663000 - 116 20
63137052548000 - 116 20
63137116002000 - 116 20
63137117079000 - 20
63137136364000 - 116 20
63137197169000 - 116 20
63137201410000 - 116 20
63137202357000 - 116 20
63137203344000 - 116 20
63137215850000 - 116 20
63137225012000 - 116 20
63137226937000 - 116 20
63137300032000 - 23 63 116 140 61 20
63137300678000 - 116 20
63137313417000 - 23 63 116 140 61 20
63137316135000 - 20
63137319093000 - 116 20
63137322362000 - 20
63137392629000 - 20
63137399240000 - 116 20
63137464605000 - 116 20
63137546737000 - 116 20
63137632648000 - 116 20
63137633416000 - 116 20
63137636512000 - 116 20
63137652217000 - 116 20
63137652958000 - 116 20
63137664927000 - 116 20
63137666715000 - 116 20
63137721984000 - 116 20
63137729487000 - 20
63137735080000 - 23 63 116 140 61 20
63137742137000 - 23 63 116 140 61 20
63137742796000 - 23 63 116 140 61 20
63137800284000 - 116 20
63137822108000 - 116 20
63137831334000 - 116 20
63137997370000 - 136 20
63137998418000 - 116 20
63138080785000 - 20
63138152380000 - 116 20
63138244411000 - 4 116 20
63138250055000 - 136 20
63138268106000 - 136 20
63138324010000 - 116 20
63138324186000 - 116 20
63138325991000 - 116 20
63138336517000 - 116 20
63138407560000 - 116 20
63138408925000 - 116 20
63138409127000 - 116 20
63138416896000 - 20
63138421276000 - 116 20
63138425103000 - 116 20
63138499604000 - 116 20
63138505023000 - 116 20
63138586607000 - 136 20
63138846311000 - 116 20
63138864062000 - 116 20
63138868908000 - 136 20
63138952555000 - 23 116 20
63138955346000 - 116 20
63139010962000 - 116 20
63139017194000 - 136 20
63139029269000 - 116 20
63139033355000 - 116 20
63139036937000 - 136 20
63139038237000 - 116 20
63139039058000 - 116 20
63139183151000 - 116 20
63139217278000 - 69 27 138 20
63139219326000 - 23 136 116 20
63139276162000 - 116 20
63139276837000 - 23 116 20
63139456761000 - 116 20
63139457844000 - 136 116 20
63139458769000 - 20
63139465737000 - 116 20
63139533399000 - 116 20
63139535817000 - 116 20
63139557721000 - 116 20
63139559694000 - 136 20
63139614673000 - 136 20
63139618126000 - 136 20
63139618624000 - 136 20
63139619677000 - 116 20
63139619847000 - 136 20
63139641757000 - 20
63139703175000 - 136 116 20
63139728158000 - 136 20
63139732537000 - 136 20
63140053145000 - 136 20
63140058285000 - 116 20
63140061889000 - 136 20
63140062354000 - 136 20
63140065464000 - 136 20
63140073687000 - 23 116 20
63140073821000 - 136 116 20
63140086491000 - 20
63140165950000 - 116 20
63140236813000 - 136 20
63140237377000 - 136 20
63140317029000 - 116 20
63140322437000 - 116 20
63140339196000 - 116 20
63140343716000 - 116 20
63140417852000 - 136 20
63140417999000 - 136 20
63140426341000 - 116 20
63140428475000 - 116 20
63140667693000 - 136 20
63140672643000 - 136 20
63140684799000 - 116 20
63140865795000 - 116 20
63140924288000 - 116 20
63140932816000 - 136 20
63140935339000 - 116 20
63140943873000 - 116 20
63141278038000 - 136 20
63141279447000 - 116 20
63141280301000 - 20
63141290149000 - 116 20
63141293072000 - 116 20
63141353016000 - 20
63141868415000 - 116 20
63141869656000 - 116 20
63141886957000 - 116 20
63141955997000 - 116 20
63142050991000 - 20
63142050999000 - 20
63142066510000 - 45 136 33 20
63142745838000 - 116 20
63142822367000 - 116 20
63142850181000 - 116 20
63143192253000 - 116 20
63143353806000 - 68 20
63143363119000 - 116 20
63143365987000 - 116 20
63143430852000 - 116 20
63143435887000 - 116 20
63143865867000 - 116 20
63143866637000 - 116 20
63143870179000 - 116 20
63143870208000 - 116 20
63098902560000 - 21
63103331280000 - 21
63109187640000 - 21
63116617020000 - 21
63116622420000 - 21
63116712480000 - 21
63116721960000 - 21
63117740880000 - 21
63117755880000 - 21
63117915000000 - 21
63118026660000 - 21
63118357740000 - 21
63138256611000 - 21
63139817494000 - 21
63143386416000 - 113 22
63146668526000 - 22 82
63147966046000 - 22 106
63093660600000 - 23 93 85
63093824580000 - 23 57
63094068300000 - 23 77 140
63094436760000 - 23 93
63094440420000 - 23 93
63095996400000 - 23 43
63096137700000 - 23 93
63096257760000 - 23 102
63096259800000 - 23 115
63096497520000 - 23 93
63096826380000 - 23 57
63097088100000 - 23 63 93 38
63097177320000 - 23 115
63097360740000 - 23 63
63097794900000 - 23 63
63097799040000 - 23 115
63097964520000 - 23 116
63097964700000 - 23 8
63097964820000 - 23 8
63098483580000 - 23 63
63098677140000 - 23 116
63098915760000 - 23 115
63098922660000 - 23 63 93 115
63098955420000 - 23 115
63098955660000 - 23 63 115
63099002460000 - 23 63 93
63099002640000 - 23 63
63099045000000 - 23 63
63099170940000 - 23 116
63099204780000 - 23 108
63099204900000 - 23
63099216900000 - 23 63
63099305700000 - 23 93
63099690780000 - 23 63
63100238700000 - 23 125
63100836480000 - 23 63
63100836840000 - 23 63
63100923300000 - 23 115
63100991520000 - 23 115
63100991640000 - 23 63
63101090340000 - 23 125
63101603280000 - 23 115
63101928060000 - 23 63
63102029400000 - 23 43
63102031500000 - 23 1 43 2 117 93 8 85
63102033060000 - 23 43
63102115080000 - 23 63
63102877260000 - 23 93 38
63102903240000 - 23 93 38
63103141740000 - 23 12
63103142280000 - 23 136
63103150020000 - 23 118
63103395240000 - 23 93
63103395960000 - 23 12
63103398420000 - 23 104 93
63103432500000 - 23 115
63103433520000 - 23 12
63103937580000 - 23 117
63103943940000 - 23 63
63103946040000 - 23 93
63104090280000 - 23 77
63104549760000 - 23 140
63105560100000 - 23 93
63105560580000 - 23 93
63105596460000 - 23 93
63105734400000 - 23 63
63105740160000 - 23 63
63105740280000 - 23 63
63105910440000 - 23 12
63106174380000 - 23 125
63106246920000 - 23 125
63106330080000 - 23 1 85
63106503660000 - 23 93
63106504200000 - 23 125 116 57
63106504320000 - 23 12
63106539900000 - 23 12
63106855920000 - 23 1 43 125 2 117 74 93 8 85
63106855980000 - 23 136
63107059080000 - 23 63
63107375640000 - 23 64
63107641980000 - 23 43 56 8
63107648580000 - 23 125
63107648760000 - 23 43 56 8
63107666940000 - 23 63
63107667360000 - 23 63 2 93 115
63107716020000 - 23 1 43 2 117 93 8 85
63107730300000 - 23 43
63107738880000 - 23 125
63107976720000 - 23 136
63107976840000 - 23 125
63107978400000 - 23 136 1
63108419700000 - 23 43
63108422340000 - 23 43
63108422400000 - 23 43
63108594720000 - 148 2 21 85 43 125 130 8 129 74 79 38 23 117 93 1
63108595020000 - 23 136
63108597720000 - 23 118
63108681120000 - 23 57
63108750120000 - 23 63
63108761580000 - 23 63
63108923460000 - 23 43
63109478640000 - 23 43 56 8
63109544640000 - 23 57
63109729620000 - 23 64
63109730460000 - 23 125
63109792200000 - 23 125
63109800900000 - 23 63 8
63109825740000 - 23 63
63109825800000 - 23 85
63110432100000 - 23 125 93
63110479500000 - 23 136
63110479560000 - 23 125 93
63110481840000 - 23 136
63110482020000 - 23 63
63110483580000 - 23 12
63110595720000 - 23 64
63111126840000 - 23 64
63111128700000 - 23 63
63111791640000 - 23 63 43 140 116
63111800760000 - 23 63 43 140 116
63111801600000 - 23 118
63111812220000 - 23 12
63112494540000 - 23 102
63112497780000 - 23 43
63112761480000 - 23 125 116
63112899960000 - 23 1 136 117 93 85
63112994460000 - 23 12
63112995180000 - 23 56
63112995300000 - 23 136
63112995360000 - 23 148
63113084040000 - 23 118
63113176740000 - 23 12
63114158700000 - 23 63
63114159960000 - 23 63
63114373740000 - 23 43
63114838140000 - 23 111
63114840360000 - 23 63
63115323480000 - 23 63
63115522200000 - 23 63
63115579680000 - 23 115
63115580040000 - 23 43 12
63115618620000 - 23 43
63115697460000 - 23 63 117 79
63115863840000 - 23 63 117
63116459640000 - 23 136 63
63116459700000 - 23 63
63116460060000 - 23 93
63116460300000 - 23 63
63116555160000 - 23 93
63116623440000 - 23 93
63116636940000 - 23 63
63116638980000 - 23 63 140
63116714220000 - 23 63 93
63116792100000 - 23 63
63116792220000 - 23 63
63117169620000 - 23 140 64 118
63117169680000 - 23 140 64 118
63117169800000 - 23 57
63117170760000 - 23 57
63117170940000 - 23 63
63117171060000 - 23 43
63117171180000 - 23 63 140
63117247140000 - 23 63
63117247200000 - 23 63
63117392400000 - 23 43
63117392640000 - 23 12
63117393060000 - 23 24
63117395640000 - 23 11
63117398460000 - 23 63
63117924360000 - 23 61
63117946680000 - 23 61
63117947580000 - 23 12
63118263000000 - 23 63
63118382460000 - 23 63
63118511400000 - 23 63
63118511700000 - 23 63 61
63106791480000 - 108 24
63111813300000 - 108 24
63111986640000 - 43 24
63120811019000 - 15 24
63120811408000 - 118 24
63121408390000 - 108 24
63121925445000 - 43 108 24
63122082814000 - 43 24
63122170918000 - 64 118 24
63122799940000 - 43 24
63123380340000 - 43 33 24
63123826732000 - 43 108 24
63123833852000 - 33 24
63124007817000 - 43 33 24
63124349477000 - 15 24
63126503566000 - 108 24
63127032996000 - 43 24
63127628680000 - 57 24
63136170260000 - 15 24
63137212605000 - 33 24
63138245988000 - 33 24
63138928254000 - 140 64 24
63139103099000 - 15 24
63139103665000 - 15 24
63139648352000 - 33 24
63119813280000 - 25 89
63120179640000 - 25 90
63120247440000 - 54 25 90
63120941460000 - 25 90
63120950880000 - 25 90
63120960780000 - 54 25
63121279140000 - 25 90
63122001840000 - 25 114
63122001960000 - 25 114
63122578500000 - 25 78
63122671740000 - 25 114
63122672520000 - 54 25
63123100740000 - 25 114
63123876600000 - 25 143
63124332300000 - 25 90
63127328640000 - 54 25
63127338060000 - 25 90
63127338120000 - 25 90
63127696380000 - 54 25
63127700400000 - 25 143
63105289500000 - 26 117
63123821493000 - 26 103
63141353232000 - 26 64
63141372996000 - 26 140
63137200507000 - 27 76 33
63137212594000 - 27 138
63137302646000 - 27 138
63137629558000 - 27 36
63137710691000 - 27 138
63137812644000 - 27 36
63138328064000 - 27 138
63138328278000 - 27 36
63138333980000 - 27 36
63138337266000 - 27 36
63138429500000 - 27 36
63139190131000 - 68 146 27 138
63139733878000 - 27 17
63140145049000 - 146 27
63140145113000 - 146 27
63140145360000 - 27 36
63140221826000 - 27 138
63140232203000 - 27 138 45
63140424307000 - 27 45
63140743024000 - 27 45
63140770400000 - 27 36
63140833757000 - 27 45
63141362521000 - 27 36
63141536748000 - 27 138
63141631368000 - 146 27
63141961398000 - 69 27 96 138 45
63141965315000 - 69 27 96 138 45
63141965949000 - 27 96
63142476594000 - 27 36 46
63142561078000 - 27 36
63143706334000 - 27 76
63143793641000 - 27 138
63143935420000 - 53 27
63143936651000 - 69 27
63143937982000 - 27 138
63144459467000 - 69 27
63147068417000 - 27 76 45
63147402737000 - 27 45
63147939156000 - 69 27
63148027140000 - 27 45
63148784566000 - 27 36
63149209685000 - 27 36
63149325261000 - 27 36
63149325445000 - 27 36
63149818998000 - 27 36
63149837415000 - 27 45
63149908490000 - 27 46
63150341595000 - 27 36
63150343711000 - 27 36
63150361879000 - 27 45
63150419558000 - 27 45
63150419610000 - 27 45
63150437670000 - 27 45
63150443745000 - 27 45
63150446488000 - 27 45
63150446714000 - 27 45
63150700560000 - 68 146 27 138 45
63150700901000 - 27 45
63150701427000 - 27 45
63150938525000 - 27 17
63150956177000 - 27 138
63151218095000 - 27 36 110
63152506081000 - 68 146 27
63152752466000 - 53 27
63152774911000 - 27 17
63083286960000 - 28 51
63085709280000 - 28 79
63086309580000 - 63 28 79
63086476740000 - 63 28
63092970060000 - 28 79
63094181640000 - 63 28 79
63095547960000 - 28 79
63097973640000 - 136 28
63099259260000 - 63 28
63100971360000 - 28 79
63100998660000 - 28 79
63100998900000 - 28 79
63102873300000 - 63 28
63104002800000 - 28 93
63105218940000 - 28 134
63105293940000 - 136 28
63105294120000 - 28 79
63105744060000 - 28 93
63108921360000 - 28 134
63109298040000 - 28 134
63112401420000 - 28 51
63125125560000 - 14 28
63125302260000 - 9 28 51
63125302440000 - 9 28
63125546580000 - 28 107
63125561700000 - 14 28
63125636820000 - 14 28
63125733900000 - 136 28
63125741520000 - 136 28
63125912640000 - 63 28
63127508537000 - 63 28
63129357470000 - 63 28
63129502200000 - 63 28
63132537855000 - 148 28
63133068607000 - 28 79
63133571313000 - 28 51
63134692122000 - 28 65
63134693613000 - 128 28
63134694885000 - 28 65
63134695384000 - 128 28
63134696392000 - 128 28
63134696614000 - 128 28
63134697281000 - 128 28
63134697313000 - 128 28
63134705037000 - 128 28
63134705616000 - 28 19
63134765904000 - 28 19
63134790041000 - 148 28
63134805479000 - 148 28
63134877391000 - 14 60 28
63135306345000 - 28 51
63135389729000 - 29 28 65 51
63136432271000 - 148 28
63136507166000 - 28 51
63136508143000 - 28 51
63136527265000 - 28 41
63136592720000 - 28 41
63136624313000 - 28 51
63136978413000 - 28 51
63137128842000 - 28 51
63137724777000 - 28 41
63137842706000 - 28 41
63138352091000 - 136 28
63138492882000 - 136 28
63139034658000 - 28 51
63139034778000 - 28 51
63139629136000 - 9 28 51
63139697123000 - 148 98 28
63140139875000 - 63 28
63140921215000 - 63 28
63141369291000 - 28 41
63141372511000 - 28 41
63142476936000 - 28 51
63142728028000 - 28 51 41
63142734634000 - 28 51 41
63142743563000 - 28 51
63142816825000 - 28 79
63143939166000 - 148 28
63143949501000 - 148 28
63145167190000 - 28 41
63145772675000 - 7 28
63145774285000 - 7 28
63146363068000 - 148 28
63146443347000 - 148 98 28
63146445735000 - 98 28
63147054251000 - 98 28
63147483874000 - 148 98 28
63147917591000 - 148 98 28
63148181120000 - 98 28
63148689823000 - 148 28
63148701556000 - 28 51
63090798480000 - 29 97
63117828540000 - 29 41
63119028180000 - 29 65
63119028300000 - 29 41
63125812757000 - 29
63138947321000 - 29
63139109553000 - 29 97
63139136775000 - 29 97
63085712880000 - 6 30
63085796460000 - 30
63089409900000 - 54 30
63101684580000 - 40 30
63105117240000 - 30
63105118680000 - 74 30
63105119040000 - 74 30
63105903360000 - 40 30
63105924360000 - 74 30
63123921420000 - 7 32
63124354500000 - 14 32
63124445460000 - 4 32
63125210100000 - 4 32
63125650140000 - 32 104
63126156720000 - 32 137
63081015960000 - 17 33
63081127680000 - 17 33
63081559440000 - 112 33
63081559920000 - 112 33
63081560100000 - 112 33
63082664280000 - 112 33
63082671060000 - 112 33
63082779660000 - 112 33
63083285580000 - 33 45
63083349960000 - 33 45
63083375520000 - 112 33
63083382240000 - 17 33
63083436780000 - 112 33 45
63083535780000 - 112 33
63083811180000 - 112 33
63084401640000 - 112 33
63084401940000 - 17 33
63084412080000 - 112 33
63084473640000 - 112 33
63084733740000 - 53 33 45
63084738300000 - 112 33
63085024680000 - 112 33
63085186860000 - 17 33
63085269600000 - 112 33
63085275900000 - 53 33
63085344180000 - 112 33
63085346100000 - 112 33
63085608180000 - 112 33
63085773720000 - 53 33
63085775040000 - 112 33
63085865340000 - 33 45
63085960020000 - 112 33
63086849340000 - 112 33
63087169620000 - 112 33
63087180540000 - 53 112 33 45
63087181140000 - 53 33 45
63087514260000 - 53 33 45
63088111920000 - 33 45
63088147320000 - 112 33
63088320840000 - 33
63088617060000 - 112 33
63088879740000 - 112 33
63088898100000 - 53 33 45
63089514840000 - 53 33
63089603040000 - 112 17 33
63089848860000 - 112 33
63090463440000 - 112 33
63090519900000 - 53 33
63090872520000 - 17 33
63091124400000 - 33 46
63091136460000 - 53 33
63091673520000 - 112 33
63091742280000 - 53 33 45
63091830420000 - 112 33
63091864080000 - 33
63091930080000 - 53 33 45
63091930620000 - 17 33
63091931640000 - 53 33
63092337960000 - 33 45
63092942460000 - 112 33
63092974740000 - 112 33
63093719040000 - 17 33
63093722340000 - 112 33
63093751560000 - 46 112 33 45
63094071540000 - 53 33 45
63094332720000 - 33 45
63094355400000 - 17 33
63094355580000 - 17 33
63094423080000 - 53 33
63094434240000 - 112 33
63094755720000 - 53 33 45
63095024640000 - 112 33
63095032260000 - 53 33
63095034780000 - 17 33
63095480280000 - 112 33
63095480400000 - 112 33
63096662040000 - 112 33
63096826200000 - 112 33
63097088040000 - 112 33
63097099440000 - 33 45
63097105440000 - 53 33 45
63097450800000 - 33 46
63097458300000 - 17 33
63097699140000 - 33 46
63097890060000 - 112 33
63098057400000 - 53 33
63098668320000 - 112 33 45
63098923140000 - 53 33 45
63099073380000 - 17 33
63099174180000 - 112 33
63099247620000 - 17 33
63099524100000 - 112 33
63099528240000 - 112 33
63099602940000 - 112 33
63099603540000 - 33 45
63100116000000 - 17 33
63100230420000 - 112 33
63100371360000 - 112 33
63100455480000 - 112 33
63100479060000 - 53 33 45
63100733100000 - 112 33
63100742340000 - 53 33
63101512200000 - 112 33
63101852040000 - 27 33 45
63102127260000 - 69 33
63102794040000 - 112 33
63103238280000 - 53 33 45
63103997700000 - 53 33
63104101740000 - 53 33
63104101800000 - 53 33
63104688360000 - 112 33
63105215220000 - 27 33 45
63105216600000 - 33 45
63105559680000 - 112 33
63105906060000 - 112 33
63106792860000 - 33 138
63107641980000 - 17 33
63108076140000 - 112 33
63108082440000 - 53 33
63108604500000 - 112 33
63108668160000 - 17 33
63108946080000 - 112 33
63109213260000 - 112 33
63109367220000 - 112 33
63109367580000 - 33
63110341920000 - 112 33
63110344740000 - 17 33
63110403720000 - 76 33 52
63110421840000 - 112 33
63110486160000 - 112 33
63110500200000 - 112 33
63110949780000 - 112 33
63111031260000 - 33 45
63111087060000 - 53 33 45
63111088380000 - 53 33
63111199200000 - 53 33 45
63111342600000 - 112 33
63111599820000 - 27 33
63111716100000 - 112 33
63111719880000 - 112 33
63111778020000 - 112 33
63112293180000 - 53 33
63112555440000 - 17 33
63112813920000 - 112 33
63112825260000 - 33 45
63112900440000 - 33 52
63112900680000 - 112 33
63112901880000 - 76 33
63112923300000 - 53 33
63112990260000 - 33 52
63113162580000 - 53 33
63113176200000 - 112 33
63113598600000 - 33 45
63113677440000 - 53 33 45
63114396780000 - 112 33
63115235340000 - 53 112 33
63115427820000 - 112 33
63115451340000 - 112 33
63115523880000 - 17 33
63115589640000 - 17 33
63115593240000 - 112 33
63115851120000 - 112 33
63115861740000 - 142 33
63116092080000 - 33 45
63116092800000 - 76 33
63116094300000 - 112 33
63116094360000 - 112 33
63116189580000 - 17 33
63116386140000 - 112 33
63116457840000 - 112 33
63116547540000 - 53 112 33 45
63116560860000 - 112 33
63116721120000 - 45 53 33 46
63116723700000 - 33 45
63116732280000 - 112 33
63116782980000 - 112 33
63116783340000 - 33 46
63116784960000 - 33 45
63116789160000 - 112 33
63117164940000 - 17 33
63117313200000 - 112 33
63117423000000 - 112 33
63117604680000 - 112 33
63117684120000 - 112 33
63117684600000 - 112 33
63117745320000 - 17 33
63117851880000 - 112 33
63117910500000 - 112 33 45
63118606620000 - 112 33
63119051820000 - 33 20
63119062800000 - 112 33
63119492580000 - 110 33
63119532180000 - 110 33
63119743140000 - 33 138
63119754960000 - 112 33
63119782740000 - 33 138
63119794560000 - 112 33
63119839140000 - 33 45
63119878740000 - 33 45
63120067260000 - 17 76 33 46
63120106860000 - 17 76 33 46
63120810600000 - 112 33
63120850200000 - 112 33
63120967740000 - 112 33
63121007340000 - 112 33
63121047000000 - 53 33
63121047240000 - 112 33
63121086600000 - 53 33
63121086840000 - 112 33
63121242720000 - 17 33
63121282320000 - 17 33
63121297140000 - 112 33
63121336740000 - 112 33
63121365960000 - 112 33
63121405560000 - 112 33
63121630800000 - 53 33 45
63121670400000 - 53 33 45
63121894080000 - 112 33
63121930080000 - 112 33
63122000340000 - 53 33 45
63122036340000 - 53 33 45
63116487420000 - 36 46
63116503920000 - 36 46
63116572860000 - 112 36
63116585940000 - 36 46
63116601180000 - 36 46
63116678820000 - 36 46
63116837640000 - 36 46
63117203220000 - 36 46
63117361800000 - 36 46
63117370500000 - 36 46
63117781680000 - 36 46
63117883860000 - 36 46
63118060680000 - 36 17 76 46
63118385340000 - 36 46
63118407420000 - 36 76
63118572720000 - 53 36 110 45
63118575960000 - 53 36 110 45
63118586760000 - 36 46
63136422356000 - 36 45
63137030741000 - 36 45
63137281506000 - 36 45
63137289937000 - 36 45
63137307633000 - 36 45
63137368726000 - 36 45
63137631964000 - 36 46
63137633794000 - 36 45
63137650422000 - 36 46
63137650889000 - 36 46
63137725009000 - 36 46
63137727509000 - 36 46
63137739698000 - 36 45
63137816123000 - 27 36
63137818287000 - 36 46
63137833461000 - 36 46
63137898243000 - 36 46
63137911491000 - 36 46
63137999187000 - 36 46
63137999293000 - 36 46
63138074508000 - 36 46
63138074705000 - 36 46
63138083409000 - 36 46
63138235979000 - 36 46
63138257833000 - 36 45
63138262616000 - 27 36
63138266298000 - 36 46
63138266576000 - 36 46
63138324444000 - 36 76
63138324477000 - 27 36 138
63138351480000 - 36 46
63138424592000 - 36 17 76 33 45
63138436534000 - 36 46
63138857016000 - 36 33
63138862033000 - 36 33
63138869489000 - 36 46
63138932995000 - 36 46
63138936025000 - 46 36 76 33 45
63138951411000 - 36 45
63139101796000 - 36 46
63139102101000 - 36 46
63139103336000 - 36 46
63139104444000 - 36 76
63139125439000 - 36 46
63139129144000 - 36 46
63139129222000 - 36 46
63139446113000 - 36 45
63139448052000 - 36 138
63139457201000 - 36 45
63139550118000 - 36 45
63139550443000 - 36 45
63139550571000 - 36 45
63139616387000 - 36 45
63139621750000 - 46 68 36 138 45
63139622152000 - 68 36
63139625503000 - 36 46
63139628618000 - 36 45
63139644601000 - 36 46
63139717040000 - 36 45
63139727125000 - 27 36
63140052502000 - 36 45
63140056056000 - 36 45
63140247675000 - 36 76
63140421719000 - 36 46
63140493688000 - 36 46
63140522815000 - 36 46
63140523621000 - 36 46
63140573242000 - 36 46
63140673310000 - 36 46
63140741902000 - 36 46
63140747836000 - 36 46 52
63140772375000 - 36 46
63140833380000 - 36 46
63140851695000 - 46 36 17 76 33 45
63140940165000 - 36 46
63140951580000 - 36 46
63141019007000 - 36 46
63141354577000 - 36 45
63141354759000 - 36 45
63141368012000 - 36 45
63141443387000 - 36 46
63141444045000 - 36 46
63141464029000 - 36 46
63141533647000 - 36 45
63141533672000 - 36 45
63141533872000 - 36 45
63141534710000 - 36 45
63141884817000 - 36 52
63141954337000 - 36 46
63141954675000 - 36 45
63141956469000 - 36 46
63141956748000 - 36 45
63141957914000 - 36 46
63141958362000 - 36 46
63141960083000 - 36 46
63141962054000 - 36 46
63141963565000 - 36 46
63141966881000 - 36 46
63142041842000 - 36 46
63142466936000 - 27 36
63142469204000 - 36 46
63142472484000 - 36 46
63142474824000 - 36 46
63142495227000 - 36 46
63142495833000 - 36 46
63142496455000 - 36 46
63142497339000 - 36 46
63142498020000 - 36 46
63142498068000 - 36 46
63142499687000 - 36 45
63142499909000 - 36 45
63142557752000 - 36 46
63142565595000 - 36 46
63142568425000 - 36 46
63142569543000 - 36 46
63142574775000 - 36 46
63142576848000 - 36 46
63142577034000 - 36 46
63142585029000 - 36 138
63142592104000 - 36 138
63142648759000 - 36 46
63142648800000 - 36 46
63142652138000 - 36 46
63080514300000 - 37 135
63080761500000 - 37 135
63081627180000 - 37 85
63081643560000 - 37 135
63081657780000 - 37 117
63081975060000 - 37 117
63081976620000 - 37 135 48
63081976680000 - 37 135 48
63081976740000 - 37 135 48
63081976800000 - 37 135 48
63081976860000 - 37 135 48
63081976920000 - 37 135 48
63081976980000 - 37 135 48
63081977040000 - 37 135 48
63081977880000 - 37 135 48
63081978960000 - 37 117
63081982860000 - 37 135 48
63081985860000 - 37 135 48
63081985920000 - 37 135 48
63081986040000 - 37 135 48
63081986820000 - 37 135 48
63081987360000 - 37 135 48
63081987420000 - 37 135 48
63081987780000 - 37 135 48
63081989880000 - 37 135 48
63081989940000 - 37 135 48
63081991440000 - 37 117
63081993540000 - 37 48
63082014000000 - 37 117
63082053660000 - 37 135
63082055100000 - 37 135 48
63082057500000 - 37 135 48
63082072920000 - 37 135
63082084200000 - 37 135 48
63082146360000 - 37 135 48
63082151820000 - 37 135 48
63082224720000 - 37 48
63082232580000 - 37 135 48
63082239360000 - 37 89 99 48 85
63082243620000 - 37 135
63082329480000 - 37 135
63082677480000 - 37 85
63082750080000 - 37 135
63083374920000 - 26 37 48
63083386260000 - 37 135
63083789040000 - 37 135
63084083460000 - 37 135
63084086940000 - 37
63084234780000 - 37 135
63084263700000 - 37
63084387120000 - 37 135
63084735480000 - 37 48
63085002420000 - 37 89 99 48 85
63085017660000 - 37 135
63086887020000 - 37 85
63086894100000 - 37 135
63086897220000 - 37 85
63087497040000 - 37 135 48
63087581940000 - 37 85
63087583920000 - 37 85
63087690360000 - 37 135 48
63087692880000 - 37 117 85
63088012140000 - 37 103
63088097220000 - 37 135
63088355100000 - 37 85
63088355160000 - 37 85
63088811460000 - 37 85
63088877760000 - 37 48
63088966680000 - 37 48
63088969260000 - 37 48
63089227740000 - 37 50 89
63089320560000 - 37 48 85
63089341680000 - 37 48
63089564400000 - 37 85
63089566080000 - 37 85
63089828820000 - 37 48
63089841660000 - 37 135 48
63089841720000 - 37 103
63089846940000 - 37 48
63089908380000 - 37 89
63089949000000 - 37 135 48
63089949240000 - 37 103
63090000240000 - 37 135 103 48
63090096360000 - 37 89 99 48 85
63090105960000 - 37 89 99 48 85
63090429180000 - 37
63090528960000 - 37 48
63090532320000 - 37 135
63090721140000 - 26 37
63091818360000 - 37 103
63092244060000 - 37 135 103 48
63092263740000 - 37 135 103 48
63092330160000 - 37 135
63092536860000 - 37
63092604480000 - 37 135 103 48
63092968920000 - 37 48
63093107520000 - 37 135
63093646320000 - 37 135
63094162800000 - 37 135
63094237560000 - 37 135
63094940640000 - 37 135
63095029020000 - 37 48
63097113240000 - 37 66 19 48
63097365300000 - 37 135 48
63097454100000 - 37 135 48 85
63097690320000 - 37 135 103 48
63097780740000 - 37 135 103 48
63097781280000 - 37
63097977900000 - 37 135
63097996200000 - 37 135
63098465760000 - 37 135 103 48
63098656200000 - 37
63099502740000 - 37 50 89
63099516660000 - 37
63099852480000 - 37 135 99 85
63100109580000 - 37 135
63100142520000 - 37 135 103 48
63100366260000 - 37 135 103 48
63100383360000 - 37 135 48
63100452000000 - 37 135 103 48
63100462800000 - 37 135 48
63100477440000 - 37 135
63101320860000 - 37
63101320920000 - 37
63101587800000 - 37 135
63102791520000 - 37 135 103 48
63102874800000 - 37 135 19 48 85
63102899520000 - 37 135
63103158660000 - 37 135 48
63103243800000 - 37 135 103 48
63103317240000 - 37 135 103 48
63103327380000 - 37
63103332180000 - 37 135 48
63103396140000 - 37 19
63103412340000 - 37 89 99 48 85
63103478820000 - 37 48
63103828740000 - 37 48
63103839360000 - 37 135
63103935780000 - 37 50
63103939980000 - 37 135
63104519040000 - 37 135
63104622360000 - 37
63105291240000 - 37 48
63105301620000 - 37 48
63105561780000 - 37 135 48
63105566940000 - 37 135 103 48
63105640500000 - 37 135 48
63106251000000 - 37 78
63106520400000 - 37 48
63106687080000 - 37 48
63106687320000 - 37 135
63106791120000 - 37 135 48
63106791720000 - 37 48
63106791900000 - 37 48
63106871880000 - 37 48
63107048820000 - 37 135
63107569140000 - 37 135
63107992200000 - 37 78 135 48
63108068040000 - 37 135
63108261300000 - 37 99 85
63108834840000 - 37 85
63108845640000 - 37 48
63109203120000 - 37 85
63109536840000 - 37 50
63110320740000 - 37 135 48
63110581920000 - 37
63111109860000 - 37 135
63111112260000 - 37 135
63111166260000 - 37 89
63111258600000 - 37 135
63111625680000 - 37 135 48
63111627180000 - 37 135
63112231920000 - 37
63112487640000 - 37 48
63112980240000 - 37 48
63113509080000 - 37 48
63113600580000 - 37 19
63113697360000 - 37 89
63114707940000 - 37 135
63114708180000 - 37 50
63114907620000 - 37 50
63115413900000 - 37 89
63116214240000 - 37 89
63116630280000 - 37
63116631600000 - 37 48
63116713320000 - 37 135
63116721780000 - 37 85
63116724480000 - 37 135
63117051960000 - 37 135
63117061620000 - 37 135
63117075120000 - 37 59
63117075240000 - 37 135
63117242040000 - 37 48
63118515180000 - 37 135
63118523520000 - 37 85
63118596960000 - 37 89
63119914260000 - 37 99 59
63119917260000 - 37 135 99
63119921100000 - 37 99
63120250560000 - 37 48
63120436620000 - 37 30
63120843540000 - 37 50
63120953700000 - 37 48
63122065500000 - 37 48
63122249160000 - 37 135
63122249820000 - 37 135
63123351840000 - 37 85
63123380040000 - 37 85
63123387840000 - 37 85
63123416040000 - 37 85
63123797520000 - 37 48
63123833520000 - 37 48
63124077840000 - 37 48
63124113840000 - 37 48
63124305660000 - 37 59
63124341660000 - 37 59
63124483980000 - 37 135 50
63124491540000 - 37 135 50
63124519980000 - 37 135 50
63124527540000 - 37 135 50
63125078640000 - 37 135
63125114640000 - 37 135
63125176620000 - 128 37 48
63125191800000 - 37 59
63125212620000 - 128 37 48
63125227800000 - 37 59
63127098894000 - 37 50 48
63127615084000 - 37 50
63127688712000 - 37 59
63139459638000 - 26 37
63139523809000 - 37 135
63139786115000 - 37 99
63140073310000 - 37 50
63140336890000 - 37 91
63140343128000 - 37 78 59 79
63140682189000 - 37 59
63140833644000 - 37 59
63141622291000 - 37
63146381203000 - 37 85
63146875294000 - 37 135
63147927690000 - 37
63148084160000 - 37 135
63148189598000 - 37 135
63148195741000 - 37 88
63148255130000 - 37 88
63148285783000 - 37 88
63148601448000 - 37 135
63148616179000 - 37 73
63148708945000 - 37 73
63149311631000 - 37 135
63149914344000 - 37 135
63150079515000 - 37 73
63150080553000 - 37 73
63150348816000 - 37 73
63150449912000 - 37 88 73
63150532199000 - 37 88 73
63150591157000 - 37 88 73
63150597063000 - 37 73
63150597639000 - 37 73
63150677153000 - 37 73
63150961264000 - 37 88
63151107384000 - 37 135
63151108212000 - 37 88
63151109061000 - 37 135
63151117975000 - 37 73
63151123896000 - 37 135
63151124182000 - 37 135
63151130313000 - 37 73
63151219952000 - 37 88
63151278677000 - 37 135
63151305097000 - 37 88
63151712857000 - 37 135
63151730394000 - 37 73
63151798828000 - 37 135
63151798938000 - 37 88
63151800976000 - 37
63151829785000 - 37 46
63152233558000 - 37
63152400404000 - 37 88
63152407190000 - 37 88
63152488476000 - 37 88
63152489344000 - 37
63152498644000 - 37 88
63152845252000 - 37 73
63152855831000 - 37 73
63152859122000 - 37 73
63152920908000 - 37 73
63152930860000 - 37
63152933333000 - 37 73
63152947665000 - 37 73
63153009065000 - 37 73
63153014398000 - 37
63153360130000 - 37
63153443212000 - 37 73
63153548598000 - 37
63153548803000 - 37
63153641276000 - 37
63153974932000 - 37
63153980984000 - 37
63154132515000 - 37
63154137686000 - 37
63154156913000 - 37
63154220471000 - 37
63154309383000 - 37
63154567287000 - 37
63154738934000 - 37
63154827033000 - 37
63154847756000 - 37
63155254888000 - 37
63155258888000 - 37 73
63155362946000 - 37
63155430791000 - 37
63155433169000 - 37
63155516804000 - 37
63155862267000 - 37
63155877143000 - 37
63155881858000 - 37
63155883085000 - 37
63155948738000 - 37
63156057059000 - 37 88
63156057174000 - 37 88
63156125424000 - 37
63156147426000 - 37
63156405807000 - 37
63156469429000 - 37
63157938391000 - 37
63157939535000 - 37
63159057985000 - 37
63159425908000 - 37
63159582033000 - 37 53
63148175816000 - 60 38
63148180762000 - 144 38
63096153600000 - 70 39
63096158040000 - 101 39
63096675840000 - 59 70 39
63097346280000 - 59 70 39
63097868040000 - 59 39
63100114200000 - 70 39
63102271740000 - 59 70 39
63102691920000 - 59 39
63103237560000 - 112 39
63105137820000 - 70 39
63105644220000 - 70 39
63105843900000 - 70 39
63105919200000 - 59 39
63106189320000 - 70 39
63106270980000 - 70 39
63106505160000 - 145 39
63106773540000 - 70 39
63107026080000 - 145 39
63107029740000 - 145 39
63107113080000 - 70 39
63107113140000 - 70 39
63107460780000 - 70 39
63107460900000 - 145 39
63107461320000 - 145 39
63107468520000 - 145 39
63107479200000 - 145 39
63107542440000 - 70 39
63107717400000 - 145 39
63107730480000 - 145 39
63108065700000 - 145 39
63108147540000 - 70 39
63108148380000 - 70 39
63108152700000 - 70 39
63108155640000 - 70 39
63108327480000 - 145 39
63108343500000 - 145 39
63108583860000 - 145 39
63108685920000 - 95 39
63108758280000 - 145 39
63108842700000 - 145 39
63108844740000 - 145 39
63108848940000 - 70 39
63109291980000 - 145 39
63109292040000 - 145 39
63109300500000 - 59 39
63109793340000 - 70 39
63109816260000 - 145 39
63109816980000 - 70 39
63109819920000 - 70 39
63109979040000 - 145 39
63110136540000 - 80 59 39
63111086400000 - 80 39
63111629640000 - 70 39
63111782100000 - 80 59 39
63111797700000 - 145 39
63111955920000 - 145 39
63112215600000 - 145 39
63112384680000 - 80 59 39
63112407720000 - 59 39
63112410360000 - 59 39
63112820880000 - 145 70 39
63112987020000 - 145 39
63112992420000 - 145 39
63113017380000 - 145 39
63113599560000 - 80 59 39
63114745200000 - 145 39
63114810300000 - 145 39
63114972960000 - 40 39
63115343040000 - 145 39
63115403520000 - 145 39
63115419240000 - 145 70 39
63115492860000 - 59 39
63115506420000 - 145 70 39
63115597920000 - 145 39
63116039700000 - 145 39
63116114220000 - 145 39
63116185140000 - 145 39
63116185260000 - 80 59 70 39
63116206620000 - 145 39
63116536860000 - 70 39
63116715300000 - 145 39
63117136380000 - 70 39
63117222360000 - 145 39
63117250380000 - 59 39
63117410820000 - 70 39
63117662820000 - 101 39
63118007460000 - 145 70 39
63118340340000 - 145 39
63118618260000 - 145 39
63118865400000 - 145 70 39
63118866000000 - 145 39
63118880100000 - 145 39
63119053560000 - 39 41
63119059320000 - 70 39
63120688200000 - 70 39
63120690780000 - 80 59 70 39
63121634220000 - 39 142
63121979280000 - 70 39
63122078220000 - 70 39
63122159820000 - 70 39
63122169240000 - 145 39
63122169480000 - 145 39
63122753160000 - 70 39
63123718620000 - 70 39
63124331700000 - 70 39
63125537340000 - 123 39
63140218753000 - 2 40
63141360039000 - 75 147 40
63141612389000 - 80 40
63143683800000 - 2 40
63144283332000 - 147 40
63144283367000 - 147 40
63096169440000 - 41 115
63096564120000 - 107 41
63096576240000 - 117 41
63097451340000 - 4 41 1
63097454880000 - 107 41
63098651640000 - 65 41
63098895780000 - 41 115
63099020820000 - 107 41
63099021180000 - 29 65 107 97 41 1
63101885520000 - 133 41
63102110640000 - 51 41
63103150200000 - 117 41
63103906320000 - 98 41
63104293200000 - 29 51 41
63104293560000 - 58 41
63104300640000 - 62 41 1
63104300700000 - 41 1
63104301000000 - 62 41 1
63104301240000 - 107 41
63104301420000 - 107 41
63104301600000 - 107 41
63104301720000 - 122 41
63104396700000 - 107 41
63104598960000 - 63 41
63104702940000 - 63 41
63106123080000 - 62 41
63106294440000 - 133 29 122 62 65 41 1
63106429320000 - 107 41
63106722900000 - 41 1
63106722960000 - 41
63107488620000 - 133 29 122 107 62 65 51 41 97 1
63107556780000 - 107 41
63109137240000 - 107 41
63109142460000 - 107 41
63109233360000 - 65 107 97 41 1
63109808820000 - 51 41
63111135540000 - 107 41
63111135960000 - 107 41
63111136440000 - 107 41
63111219660000 - 107 41
63111220080000 - 107 41
63111653220000 - 41 1
63112428240000 - 65 97 41
63113587800000 - 133 29 122 62 41
63113722920000 - 133 29 122 62 107 51 41
63114062580000 - 107 41
63114063960000 - 41 1
63114111540000 - 41 1
63114737160000 - 65 41
63114898020000 - 51 41
63115250280000 - 136 41
63115852080000 - 65 41
63115852260000 - 41 142
63115885620000 - 41 1
63115969500000 - 65 41
63115970580000 - 107 41
63115971180000 - 133 62 107 41
63116491860000 - 112 41
63116521800000 - 133 29 51 41
63116980140000 - 4 41
63117065340000 - 112 41
63117164820000 - 65 97 41 1
63117582360000 - 51 41 1
63117791520000 - 107 41
63117791700000 - 29 41
63117912060000 - 4 41
63117994800000 - 107 41
63118913700000 - 107 41
63119148060000 - 2 41
63119222400000 - 75 41
63119323920000 - 133 29 62 107 65 51 41
63119423460000 - 41 39
63119424000000 - 133 122 62 41
63119512920000 - 62 41
63119513100000 - 29 51 41
63119562600000 - 112 41
63119685900000 - 41 1
63119686200000 - 65 41
63119768100000 - 63 41
63120079560000 - 133 112 62 107 65 51 41
63120155640000 - 133 62 41
63120161520000 - 107 41
63120288480000 - 41 142
63120288720000 - 41 1
63120289260000 - 62 41
63120289560000 - 29 41
63120289980000 - 133 29 65 107 62 51 41 1
63120290160000 - 122 41
63120721080000 - 62 41
63120983760000 - 133 62 41
63121330980000 - 97 41
63121331460000 - 29 41
63121499520000 - 136 41
63122192100000 - 63 61 51 41 1
63123316560000 - 107 41
63123872220000 - 4 41 84
63124005120000 - 29 41 1
63124005600000 - 133 122 112 62 65 97 41
63124005780000 - 4 41 84
63124438140000 - 107 41
63124530060000 - 133 29 107 51 41 1
63124596660000 - 136 137 41
63124609800000 - 97 41
63124700040000 - 107 41
63137072353000 - 136 41
63137135418000 - 62 107 136 29 65 51 6 145 120 97 41
63137284697000 - 62 107 136 29 65 51 6 145 120 97 41
63137284775000 - 4 130 41 84
63137285179000 - 62 107 136 29 65 51 6 145 120 97 41
63137307282000 - 63 41
63137379837000 - 107 41
63137383968000 - 62 107 136 29 65 51 6 145 120 97 41
63137632154000 - 120 51 41
63137634632000 - 65 41
63137678825000 - 97 51 41
63137709175000 - 120 29 65 62 97 51 41
63137712489000 - 62 107 136 29 65 51 6 145 120 97 41
63137724022000 - 28 41
63137731982000 - 145 41
63137732290000 - 62 107 136 29 65 51 6 145 120 97 41
63137732415000 - 28 41
63137741411000 - 28 41
63137741570000 - 28 41
63137744299000 - 62 107 136 29 65 51 6 145 120 97 41
63137815897000 - 107 41
63137834143000 - 41 84
63137887387000 - 63 41
63138339932000 - 63 41
63138399712000 - 62 107 136 29 65 51 6 145 120 97 41
63138408412000 - 136 120 145 62 65 97 51 41 107
63138415507000 - 97 41
63138422511000 - 41 85
63138452038000 - 29 62 65 97 51 41
63138578945000 - 136 120 145 62 65 97 51 41 107
63138580348000 - 136 120 145 62 65 97 51 41 107
63138586307000 - 136 41
63138586875000 - 136 120 145 62 65 97 51 41 107
63138838840000 - 63 41
63138841845000 - 51 41
63138842912000 - 136 41
63138852720000 - 136 120 145 62 65 97 51 41 107
63138942251000 - 136 120 145 62 65 97 51 41 107
63139005419000 - 65 41
63139011928000 - 136 41
63139016769000 - 136 120 145 62 65 97 51 41 107
63139017419000 - 136 41
63139018823000 - 136 120 145 62 65 97 51 41 107
63139019554000 - 120 97 51 41
63139019746000 - 97 41
63139032673000 - 128 41
63139449240000 - 4 41 84
63139471052000 - 136 120 145 62 65 97 51 41 107
63139477583000 - 136 120 145 62 65 97 51 41 107
63139536720000 - 63 41
63139814771000 - 136 120 145 62 65 97 51 41 107
63139924451000 - 2 41
63139980232000 - 2 41 85
63139992098000 - 136 120 145 62 65 97 51 41 107
63139992743000 - 136 120 145 62 65 97 51 41 107
63139993017000 - 136 120 29 145 62 65 97 51 41
63140061287000 - 63 2 41
63140139634000 - 63 41
63140242821000 - 136 41
63140310390000 - 63 41
63140310648000 - 59 41
63140418221000 - 120 145 41
63140667152000 - 136 120 29 145 62 65 97 51 41
63140673032000 - 136 41
63140849123000 - 63 41
63140913826000 - 51 41
63141277988000 - 51 41
63141281811000 - 59 41
63141372391000 - 28 41
63141372711000 - 28 41
63141435790000 - 4 41
63141436111000 - 59 41
63141448980000 - 136 120 29 145 62 65 97 51 41
63141517216000 - 63 41
63141537611000 - 136 41
63141540125000 - 120 145 59 41
63141874932000 - 63 41
63141886070000 - 136 120 29 145 62 65 97 51 41
63141889033000 - 59 41
63141896138000 - 120 29 145 62 65 97 51 41
63141896939000 - 59 41
63141897035000 - 62 41
63141897110000 - 145 41
63141965010000 - 136 120 29 145 62 65 97 51 41
63141969400000 - 4 41
63141972121000 - 59 41
63141984397000 - 59 41
63142481296000 - 97 41
63142481958000 - 120 41
63142482175000 - 59 41
63142568875000 - 120 41
63142576562000 - 97 41
63142655053000 - 136 120 29 145 62 65 97 51 41
63142752317000 - 59 41
63143067671000 - 59 41
63143416656000 - 61 41
63145150665000 - 136 120 29 145 62 65 97 51 41
63145156275000 - 136 41
63145162131000 - 148 28 41
63104699400000 - 42
63104706660000 - 32 42
63105562260000 - 42 137
63105811380000 - 32 42
63106267320000 - 42 137
63106327620000 - 42 130
63106440420000 - 32 42
63106514940000 - 32 42
63109267440000 - 42 113
63109269420000 - 42 113
63110118360000 - 32 42
63111602880000 - 42 131
63111604440000 - 42 131
63111616020000 - 42 131
63111617100000 - 42 131
63111626220000 - 42 106
63111744300000 - 32 42
63111757740000 - 32 42
63112317960000 - 42 131
63112319220000 - 42 131
63112406820000 - 32 42
63114316800000 - 119 42
63114992820000 - 42 131
63114993240000 - 42 131
63114994260000 - 42 131
63115409160000 - 42 131
63116549400000 - 42 131
63116551500000 - 42 131
63116552640000 - 42 131
63116554500000 - 42 131
63116641320000 - 42 131
63117971160000 - 42 131
63119081520000 - 119 42
63120132780000 - 42 113
63121645260000 - 42 121
63124040580000 - 42 131
63062136600000 - 43 132
63065986020000 - 43 61
63071199960000 - 43 104
63073873200000 - 43 25
63074799780000 - 43 132 104
63077243100000 - 43 104 108 57
63077744280000 - 43 104
63079572180000 - 43 104
63079831080000 - 43 132
63079910580000 - 43 108
63080270820000 - 43 108
63080412240000 - 43 61
63082923360000 - 43 108
63082923480000 - 43 132
63082938000000 - 43 132 108
63086222160000 - 43 15
63086304600000 - 43 104
63086376600000 - 43 108
63087616020000 - 43 132
63087678060000 - 43 132
63088395720000 - 43 15
63090707640000 - 43 140
63090785820000 - 43 140
63091746600000 - 43 132
63091759920000 - 43 132
63092340960000 - 43 23
63092452260000 - 43 132
63092529780000 - 43 61
63093637320000 - 43 108
63094874700000 - 43 132
63095014200000 - 43 23
63095030340000 - 43 93
63095030460000 - 43 132
63096499140000 - 43 132
63096655680000 - 43 132
63098041140000 - 43 132
63099274620000 - 43 63 12
63099537000000 - 43 132
63099598500000 - 43 132
63100995300000 - 43 132
63101083320000 - 43 61
63101338080000 - 43 15
63101935380000 - 43 132
63101946480000 - 43 56
63101947260000 - 43 132
63102028440000 - 43 23 63 115
63102029820000 - 43 57
63102045240000 - 43 132
63102124140000 - 43 108
63103141500000 - 43 108
63105046980000 - 43 132 104
63105312300000 - 43 108
63105331380000 - 43 61
63105564240000 - 43 108
63105565740000 - 43 23
63105571920000 - 43 61
63105588060000 - 43 104
63105591780000 - 43 63
63105661680000 - 43 104
63105663000000 - 43 116
63106277040000 - 43 23 63
63106277460000 - 43
63106954080000 - 43 108
63106957260000 - 43 23
63107058480000 - 43 104
63107661960000 - 43 23
63107719560000 - 43 23
63107722560000 - 43 132
63108001500000 - 43 23 63
63108002280000 - 43 77 115
63108003180000 - 43 132
63108148860000 - 43 132 104 108
63108151980000 - 43 132 104 108
63108167400000 - 43 132 104 108
63108595380000 - 43 104
63108672780000 - 43 104
63108854700000 - 43 104
63108952380000 - 43 57
63108952500000 - 43 104
63108952980000 - 43 12
63109205460000 - 43 115
63109288200000 - 43 108
63109297620000 - 43 23
63109382940000 - 43 15
63110577420000 - 43 23
63110579220000 - 43 104
63111631920000 - 43 15
63112401360000 - 43 24
63112588080000 - 43 24
63112848960000 - 43 132 104
63112930920000 - 43 63 23
63112933800000 - 43 23 140
63113010540000 - 43 132
63113011140000 - 43 132
63114134640000 - 43 132 104 108
63114819720000 - 43 132
63115334520000 - 43 132
63115335420000 - 43 104
63116449020000 - 43 104
63117932940000 - 43 132
63118626420000 - 43 24
63118890000000 - 43 24
63119732640000 - 43 104
63120691020000 - 43 63
63121389000000 - 43 132 104 108
63121476780000 - 43 104
63121479840000 - 43 63 23 140 116 61 12 57
63121540680000 - 43 61
63121559700000 - 43 104
63121634220000 - 43 61
63121652220000 - 43 132
63122682000000 - 43 132
63122684400000 - 43 15
63122763840000 - 43 132 104
63122764020000 - 43 104
63122764380000 - 43 15
63123121620000 - 43 132
63123122100000 - 43 24
63123122280000 - 43 24
63123276060000 - 43 104
63124427040000 - 43 61
63125517780000 - 43 104
63125547360000 - 43 23
63126309600000 - 43 132
63126407940000 - 43 132
63127509840000 - 43 104
63127700460000 - 43 15
63104386380000 - 44 127
63106522740000 - 32 130 137 44
63107387640000 - 125 44
63107564220000 - 109 44 18
63108344340000 - 4 116 108 44
63108935640000 - 44 18
63109184700000 - 109 44
63109203120000 - 137 44
63111257340000 - 109 44
63112216740000 - 20 125 108 44 1
63112218600000 - 18 4 32 125 130 109 108 44 84
63112223040000 - 17 44
63112226400000 - 125 108 44 20
63112227120000 - 1 4 18 32 130 109 17 108 44 84
63112381920000 - 84 4 32 130 109 137 44 18
63112466340000 - 4 32 125 116 44
63112498800000 - 125 108 44
63112572600000 - 32 44
63112819320000 - 44 20
63112825560000 - 44 20
63112834560000 - 4 125 108 44
63112897320000 - 44 127
63112900020000 - 125 44
63114643920000 - 44
63114646320000 - 44 127
63114648120000 - 125 44
63114807480000 - 125 144 108 44
63114977520000 - 125 44
63115270440000 - 44
63115333440000 - 125 108 44
63115403700000 - 125 44
63115407840000 - 125 44
63115600200000 - 125 44
63115602300000 - 125 44
63115839180000 - 125 44
63115841280000 - 125 44
63116101080000 - 125 44
63116103900000 - 125 44
63116104200000 - 125 44
63116105280000 - 4 44 18
63116111280000 - 113 44
63116112000000 - 108 44
63116112120000 - 108 44
63116114400000 - 113 44
63116125080000 - 4 125 116 108 44 57
63116197800000 - 125 44
63116203980000 - 125 108 44
63116466720000 - 125 44
63116469600000 - 125 44
63116527320000 - 43 125 51 44 4 116 57 20 108 41 12 1
63116527800000 - 43 125 51 44 4 116 57 20 108 41 12 1
63116536800000 - 125 44
63116548800000 - 125 44 18
63116555100000 - 43 125 51 44 4 116 57 20 108 41 12 1
63116618220000 - 43 125 51 44 4 116 57 20 108 41 12 1
63116701380000 - 43 125 51 44 4 116 57 20 108 41 12 1
63116715240000 - 43 44
63116728620000 - 43 125 51 44 4 116 57 20 108 41 12 1
63116730120000 - 108 44
63116786640000 - 125 44
63116855400000 - 43 125 51 44 4 116 57 20 108 41 12 1
63116990400000 - 108 44
63116990880000 - 125 44
63117004800000 - 125 44
63117310440000 - 125 44
63117312060000 - 43 125 51 44 4 116 57 20 108 41 12 1
63117324660000 - 108 44
63117330240000 - 125 44
63117391200000 - 125 44
63117394320000 - 125 108 44
63117912000000 - 43 125 51 44 4 116 57 20 108 41 12 1
63117925380000 - 43 125 51 44 4 116 57 20 108 41 12 1
63117927540000 - 43 125 51 44 4 116 57 20 108 41 12 1
63117928080000 - 44 20
63118016880000 - 109 44
63118366860000 - 43 125 51 44 4 116 57 20 108 41 12 1
63118368540000 - 125 44 20
63118425120000 - 108 44
63118514880000 - 43 125 51 44 4 116 57 20 108 41 12 1
63118536840000 - 125 108 44
63118624200000 - 44
63118866240000 - 43 125 51 44 4 116 57 20 108 41 12 1
63119033100000 - 125 44
63119059380000 - 125 108 44
63119149860000 - 113 44
63119150700000 - 43 125 51 44 4 116 57 20 108 41 12 1
63119209320000 - 125 44
63119218200000 - 44
63119223240000 - 125 44
63119683860000 - 125 108 44
63120070200000 - 43 125 51 44 4 116 57 20 108 41 12 1
63120073200000 - 43 125 51 44 4 116 57 20 108 41 12 1
63120079860000 - 44 20
63120087840000 - 125 44
63120095880000 - 125 44
63120100860000 - 125 44
63120156120000 - 125 44
63120156300000 - 125 44
63120160080000 - 125 44
63120358020000 - 125 44
63120793440000 - 125 108 44
63120894120000 - 125 44
63121021440000 - 125 44
63121026240000 - 1 4 92 116 109 57 20 43 125 130 93 113 137 108 144 17 44 18
63109957320000 - 36 46
63109963860000 - 17 46
63110575980000 - 46 52
63110576760000 - 36 46
63111250140000 - 46 52
63112289520000 - 46 52
63112289820000 - 36 46
63112313940000 - 36 46
63112317540000 - 76 46
63112373520000 - 36 46
63139522829000 - 36 46
63139523955000 - 8 46
63139542962000 - 46 52
63139551596000 - 36 46
63139551653000 - 36 46
63139643924000 - 36 46
63139728662000 - 36 46
63140042617000 - 46 33
63140045230000 - 36 46
63140065218000 - 46 33
63140130201000 - 46
63140130411000 - 46
63140132870000 - 46 33
63140141069000 - 46
63140142212000 - 46
63140150999000 - 46 52
63140154660000 - 46 33
63140213453000 - 46 33
63140219538000 - 46 52
63140242048000 - 46 33
63140242775000 - 46 33
63140321191000 - 46 52
63140321885000 - 8 46
63140578989000 - 46 33
63140605214000 - 36 46
63140659521000 - 76 46
63140676927000 - 36 46
63140692829000 - 46 52
63140735806000 - 46 33
63140741229000 - 36 46
63140749565000 - 46 33
63140825869000 - 46 33
63140829682000 - 36 46
63140833416000 - 36 46
63140840148000 - 46 33
63140841064000 - 76 46 33
63140841093000 - 46 33
63140863898000 - 46 52
63140870807000 - 76 46
63140907396000 - 36 46
63140916976000 - 46 33
63140919756000 - 53 36 46
63140951705000 - 36 46
63140952202000 - 46 33
63140953230000 - 36 46
63140953256000 - 36 46
63140997015000 - 36 46
63141001832000 - 46 33
63141014908000 - 46 33
63141019534000 - 36 46
63141026559000 - 46 52
63141026631000 - 46 33
63141027392000 - 46 33
63141029301000 - 46 52
63141030712000 - 52 46 33
63141193823000 - 46 33
63141193936000 - 46 52
63141277154000 - 36 46
63141292993000 - 46 33
63141356497000 - 46 52
63141362308000 - 76 46
63141381333000 - 46 33
63141424774000 - 46 52
63141428096000 - 46 33
63141428165000 - 46 33
63141429890000 - 46 33
63141431227000 - 36 46
63141432886000 - 46 33
63141443825000 - 36 46
63141444164000 - 36 46
63141446798000 - 36 46
63141447285000 - 46 33
63141511514000 - 36 46
63141625676000 - 36 46
63141634401000 - 46 33
63141779182000 - 36 46
63141809989000 - 46 52
63141868505000 - 36 46
63141868808000 - 36 46
63141870965000 - 36 46
63141871410000 - 45 17 76 46 33
63141951518000 - 76 46
63141952992000 - 36 46
63141953220000 - 46 52
63141957959000 - 36 46
63141958083000 - 36 46
63141959933000 - 36 46
63141960900000 - 36 46
63141966644000 - 36 46
63141967203000 - 36 46
63141971309000 - 46 33
63141974220000 - 76 46
63141980106000 - 46 52
63141980487000 - 76 46
63141980979000 - 46 52
63141995643000 - 46
63142028567000 - 36 46
63142032680000 - 36 46
63142034725000 - 36 46
63142044537000 - 46 52
63142044598000 - 46 52
63142044673000 - 36 46
63142045158000 - 36 46
63142045180000 - 68 46
63142051159000 - 46 33
63142059711000 - 27 76 46 45
63142236264000 - 76 46
63142243868000 - 46 45
63142466809000 - 68 46
63142472436000 - 36 46
63142472631000 - 36 46
63142473504000 - 36 46
63142475032000 - 36 46
63142476974000 - 46 45
63142478592000 - 36 46
63142487122000 - 17 46 33
63142493780000 - 46 52
63142496268000 - 36 46
63142496385000 - 36 46
63142497162000 - 36 46
63142497532000 - 36 46
63142497567000 - 36 46
63142550127000 - 36 46
63142551946000 - 36 46
63142561014000 - 36 46
63142561988000 - 17 46 33
63142563097000 - 36 46
63142567760000 - 36 46
63142567907000 - 36 46
63142568050000 - 46 52
63142571609000 - 36 46
63142575311000 - 36 46
63142576232000 - 36 46
63142576602000 - 36 46
63142578828000 - 17 46
63142586848000 - 17 36 46
63142587151000 - 17 36 46
63142587895000 - 17 36 46 33
63142639882000 - 36 46
63142640179000 - 46 33
63142641113000 - 36 46
63142644203000 - 36 46
63142646078000 - 36 46
63142652004000 - 36 46
63142652512000 - 36 46
63142652628000 - 36 46
63128566732000 - 47
63128748382000 - 47 5
63130573192000 - 47 114
63130654388000 - 47 55 87 5
63130656438000 - 47 55 114 87 5
63130661677000 - 47 90
63130722357000 - 47 114
63131154182000 - 47 12
63131249439000 - 47 114
63131673282000 - 47 55
63131843981000 - 47 55
63131867286000 - 47 5
63132360706000 - 47 55 114 87 5
63132448500000 - 47 55
63132449225000 - 47 55
63132789441000 - 47 114
63132817708000 - 47 55
63133495737000 - 47 55
63133496734000 - 47 55 114 87 5
63133597127000 - 47 55
63134085516000 - 47 5
63134258098000 - 47 5
63134366652000 - 47 90
63134889694000 - 47 55 114 87 5
63135468568000 - 47 114
63135577086000 - 47 55 114 87 5
63136008269000 - 47 55 114 87 5
63136186089000 - 47 87 5
63136424987000 - 47 55 114 87 5
63136685051000 - 47 55 5
63136780796000 - 47 55
63137302185000 - 47 55 114 87 5
63137728314000 - 47 114
63138233727000 - 47 114
63138429521000 - 47 5
63138495813000 - 47 5
63138931563000 - 47 114
63139098742000 - 47 114 87
63139188321000 - 47 55 114 87 5
63139720125000 - 47 55
63139727092000 - 47 55
63139810979000 - 47 55 114 87 5
63139811685000 - 47 114 87
63140073352000 - 47 86 114
63140148098000 - 47 55 86 104 114
63140154088000 - 47 90
63140155669000 - 47 55 86 104 114
63140160150000 - 47 90
63140221986000 - 47 55
63140223719000 - 47 55 86 104 114
63140229073000 - 47 55 86 104 114
63140250891000 - 47 55 86 104 114
63140318069000 - 47 55 86 104 114
63140672122000 - 47 55 86 104 114
63140684307000 - 47 55 86 104 114
63140753541000 - 47 55 114 87 5
63140763141000 - 47 55 114 87 5
63140765368000 - 47 55 86 104 114
63140769769000 - 47 90
63140771133000 - 47 55 86 104 114
63140858176000 - 47 55 86 104 114
63141268195000 - 47 55 114 87 5
63141268282000 - 47 55 114 87 5
63141442629000 - 47 104
63141542204000 - 47 55
63141546743000 - 47 55 86 104 114
63141630594000 - 47 55 86 104 114
63141957008000 - 47 55 86 104 114
63141972340000 - 47 55 114 87 5
63142038117000 - 47 55 114 87 5
63142038331000 - 47 55 114 87 5
63142049937000 - 47 104
63142059901000 - 47 104
63142555873000 - 47 55 114 87 5
63124088820000 - 37 48
63125136240000 - 48 95
63125891501000 - 48 85
63126401979000 - 37 48
63127103941000 - 48 85
63125220000000 - 37 50
63141266275000 - 50 85
63141443251000 - 50 85
63138672096000 - 51 41
63139625352000 - 51 41
63140170352000 - 128 51
63141292093000 - 145 51
63141430890000 - 63 51
63142733360000 - 63 51
63109365240000 - 52 57
63109809060000 - 140 52
63110401140000 - 17 52
63111343620000 - 76 52
63111944460000 - 17 52
63111945900000 - 17 52
63111959160000 - 17 52
63112394040000 - 17 52
63122079300000 - 52 46
63123102720000 - 45 52 46
63123175440000 - 102 52
63123727620000 - 52 46
63123987180000 - 52 57
63124040940000 - 52 46
63124316520000 - 63 52
63124316880000 - 63 52
63124352520000 - 63 52
63124352880000 - 63 52
63124386300000 - 56 52
63124386480000 - 63 52
63124422300000 - 56 52
63124422480000 - 63 52
63125788980000 - 52 115
63126206460000 - 27 52
63126401880000 - 77 52
63140857924000 - 17 52 46
63140859947000 - 17 52
63141028542000 - 63 52
63141428232000 - 52 46
63141429212000 - 140 52
63141551618000 - 140 52
63141601244000 - 63 52
63141881117000 - 52 46
63139455228000 - 53 138
63139613374000 - 53 138
63139614799000 - 53 64
63139732577000 - 53 45
63139816233000 - 53 110
63140945230000 - 13 53 69 138
63141458529000 - 53 27 138 45
63141459741000 - 53 27 138 45
63141885215000 - 13 53 69 138
63142491657000 - 53 27 36 46 45
63146719762000 - 13 53 69 138
63146720666000 - 53 69
63146732372000 - 53 27 110
63146901786000 - 13 53 69 138
63148200798000 - 68 53 138 45
63148612645000 - 13 53 69 138
63149495961000 - 53 110
63149820052000 - 68 53
63149826741000 - 53 110
63149829175000 - 13 53 69 138
63150335198000 - 53 96
63150694453000 - 53 138
63150698698000 - 68 53 146 27 138
63151051896000 - 53 96
63151117451000 - 53 96
63151212684000 - 53 138 45
63151317046000 - 68 53 146 27 138
63152488589000 - 53 69 45
63106967460000 - 54 132 55
63107460000000 - 54 108
63108066360000 - 54 25
63108082920000 - 54 25
63108236760000 - 54 25
63108580860000 - 54 25
63108668820000 - 54 25 90
63108681900000 - 54 90
63108842460000 - 54 90
63108943740000 - 54 86
63108944100000 - 54 136
63108947580000 - 54 136
63108949140000 - 54 136
63109199700000 - 54 136
63109270080000 - 54 136
63109289820000 - 54 136
63109382940000 - 54 103
63109446600000 - 54 143
63109447020000 - 54 143
63109449660000 - 54 90
63109465320000 - 54 103
63109554960000 - 54 25
63109870800000 - 54 103
63109889460000 - 54 103
63110042940000 - 54 25
63111795840000 - 54 6
63112302420000 - 54 143
63112475880000 - 54 25
63112482540000 - 54 90
63112930140000 - 54 136
63113101020000 - 54 108
63113179260000 - 54 86
63114652860000 - 54 137
63114713880000 - 54 137
63114719640000 - 54 137 62
63114823740000 - 54 90
63114823800000 - 54 90
63114916680000 - 54 25
63114998520000 - 54 25
63115337940000 - 54 25
63115513320000 - 54 137
63115848180000 - 54 136 137
63115853280000 - 54 137
63116551260000 - 54 90
63116713560000 - 54 90
63116806320000 - 54 90
63118453560000 - 54 25
63118455540000 - 54 25
63118624500000 - 54 143
63118627860000 - 54 90
63119115060000 - 54 25
63119115960000 - 54 90
63119130780000 - 54 90
63119212200000 - 54 25
63119228760000 - 54 143
63119720760000 - 54 25
63120064740000 - 54 25
63120089340000 - 54 25
63120095760000 - 54 137
63120152340000 - 54 137
63120193920000 - 54 137
63120264300000 - 54 90
63120269280000 - 54 137
63120272100000 - 54 137
63120856500000 - 54 90
63120955320000 - 54 25
63121278600000 - 54 90
63121362780000 - 54 143 137
63121479960000 - 54 90
63121481160000 - 54 137
63121536840000 - 54 90
63121536960000 - 54 90
63121540500000 - 54 137
63121892100000 - 54 137
63121968540000 - 54 137
63121975320000 - 54 137
63121995720000 - 54 25
63122079600000 - 54 90
63122148120000 - 54 25
63122229600000 - 54 25
63122244900000 - 54 137
63122245440000 - 54 117
63122248920000 - 54 90
63122505540000 - 54 25
63122580420000 - 54 25
63122670720000 - 54 137
63122753880000 - 54 25
63122754480000 - 54 90
63122771280000 - 54 136 83 117
63123187740000 - 54 25
63123198600000 - 54 25
63123199080000 - 54 25
63123205200000 - 54 137
63123285660000 - 54 143
63123439140000 - 54 25
63123439560000 - 54 25
63123458580000 - 54 137
63123807840000 - 54 25
63124048620000 - 54 25
63124053120000 - 54 25
63124323960000 - 54 25
63124909380000 - 54 25
63125101020000 - 54 25
63125521020000 - 54 90
63125776080000 - 54 137
63125868780000 - 54 25
63125884740000 - 54 90
63126129480000 - 54 90
63126141600000 - 54 90
63126151800000 - 54 137
63126211980000 - 54 90
63126212160000 - 54 90
63126456600000 - 54 25
63127032240000 - 54 25
63127088520000 - 54 83
63127329240000 - 54 25
63127412520000 - 54 90
63127501920000 - 54 25
63127668000000 - 54 25 90
63127697160000 - 54 25
63128037300000 - 54 137
63128113680000 - 54 90
63128191320000 - 54 90
63128192880000 - 54 25
63128192940000 - 54 25
63128203260000 - 54 90
63128275980000 - 54 25
63062098020000 - 47 55
63062205900000 - 132 55
63062217360000 - 132 55
63062612400000 - 132 55
63063244800000 - 47 55
63063252960000 - 132 55
63063335160000 - 132 55
63063400680000 - 47 132 55 114 5
63063407820000 - 47 55
63063474420000 - 55 129
63063497760000 - 132 55
63063567660000 - 55 5
63063586980000 - 47 132 55 114 5
63063925680000 - 47 132 55 114 5
63063996000000 - 47 132 55 136 114 5
63064365360000 - 132 55
63065209020000 - 132 55
63065239020000 - 132 55
63066957240000 - 47 132 55 114 5
63067054560000 - 47 132 55 114 5
63067818120000 - 47 132 55 114 5
63068686560000 - 132 55
63068837280000 - 55 104
63069007200000 - 47 55
63070055460000 - 47 132 55 114 5
63070161600000 - 55 114
63070222260000 - 47 132 55 114 5
63070237920000 - 132 55
63070242960000 - 132 55
63070579740000 - 132 55 104
63070583520000 - 47 132 55 114 5
63070756500000 - 55 114
63071257500000 - 55 61
63071261400000 - 47 55 5
63071289960000 - 55 61
63071341740000 - 47 55
63071448360000 - 55 5
63071449020000 - 47 55 5
63071449140000 - 132 55 114
63071691360000 - 47 132 55 63 114 5
63071692260000 - 47 55 5
63071779500000 - 47 55 5
63071781120000 - 47 132 55 114 5
63071884140000 - 55 114
63071888580000 - 55 114
63071889060000 - 25 55 114
63071945100000 - 55 114
63071950200000 - 132 55
63071950260000 - 132 55
63071950800000 - 55 114
63072027900000 - 132 55
63072048060000 - 25 55 114
63072057780000 - 55 57
63072375900000 - 55 114
63072378840000 - 55 114
63072393000000 - 55 114
63072462420000 - 55 114
63072484620000 - 55 114
63072550800000 - 132 55
63072642180000 - 132 55
63072642360000 - 47 132 55 114 5
63072925560000 - 54 25 55 132 47 104 114 5 90
63073004100000 - 132 55
63073008180000 - 47 55
63073250580000 - 47 132 55 114 5
63073522680000 - 47 132 55 114 5
63073765980000 - 132 55
63073769940000 - 132 55
63074212200000 - 132 55
63074275020000 - 132 55
63074306940000 - 132 55
63074727480000 - 47 55
63074974200000 - 132 25 55 104
63075083280000 - 132 55
63075403080000 - 132 55
63075418320000 - 132 55
63075433500000 - 132 55
63075510480000 - 132 55
63075513300000 - 132 55
63075684480000 - 132 55
63075954540000 - 132 55
63076111140000 - 132 55
63076115700000 - 55 104
63076199760000 - 132 55
63076201260000 - 47 55
63076274640000 - 132 55
63076295220000 - 55 114
63076296780000 - 55 61
63076541880000 - 132 55
63076547160000 - 55 5
63076614300000 - 132 55
63076614720000 - 132 55
63076626780000 - 132 55
63076712580000 - 132 55
63076787880000 - 132 55
63077131440000 - 132 55
63077419560000 - 47 55 5
63078606840000 - 132 55
63078704040000 - 55 114
63078706140000 - 47 132 55 114 5
63079839300000 - 55 114
63080255340000 - 132 25 55
63080255640000 - 132 25 55
63080260800000 - 25 55
63080261460000 - 25 55
63080266620000 - 47 55 5
63080266920000 - 132 55
63080338140000 - 132 25 55
63080347860000 - 132 25 55
63080412780000 - 132 25 55 104
63080437860000 - 132 25 55 104
63080438280000 - 132 25 55 104
63080528700000 - 43 55
63080528760000 - 132 25 55 104
63080763300000 - 132 25 55 104
63080845380000 - 132 25 55
63080875920000 - 132 25 55 104
63080935620000 - 132 55
63080941620000 - 55 114
63080965980000 - 132 25 55 104
63081021780000 - 55 104
63081024600000 - 132 25 55 104
63081104760000 - 132 25 55 104
63081137040000 - 132 25 55 104
63081377580000 - 132 55
63081393420000 - 132 25 55 104
63081450420000 - 132 55
63082059300000 - 47 132 55 114 5
63082162320000 - 132 25 55 104
63082692900000 - 132 25 55 104
63082746300000 - 132 55
63082833000000 - 132 25 55 104
63082859940000 - 132 25 55 104
63082948440000 - 132 25 55 104
63083209740000 - 132 25 55 104
63083282460000 - 25 55
63083349360000 - 132 25 55 104
63083379600000 - 132 25 55 104
63083447280000 - 47 132 55 114 5
63083448060000 - 47 55 5
63083466420000 - 132 25 55 104
63083551620000 - 132 25 55 104
63083788800000 - 55 130
63083811780000 - 132 25 55 104
63083878140000 - 55 114
63083884620000 - 47 132 55 114 5
63083972760000 - 148 55 130
63083981220000 - 132 25 55 104
63084042060000 - 132 55
63084072300000 - 132 25 55 104
63084387360000 - 132 25 55 104
63084409020000 - 54 55
63084474540000 - 132 25 55 104
63084483600000 - 132 55 114
63084483780000 - 132 25 55 104
63084579840000 - 25 55
63084582120000 - 25 55
63084586740000 - 47 132 55 114 5
63084588600000 - 132 25 55 104
63084677040000 - 132 25 55 104
63084741960000 - 148 55 130
63085021920000 - 132 25 55 104
63085108140000 - 132 25 55 104
63085185840000 - 132 55
63085189740000 - 132 55
63085196640000 - 132 25 55 104
63085275900000 - 132 55
63085338240000 - 132 25 55 104
63085342440000 - 55 114
63085363800000 - 132 55
63085364940000 - 55 61
63085369560000 - 132 25 55 104
63085799220000 - 25 55 104
63085941900000 - 25 55 104
63085965360000 - 47 55
63085965480000 - 47 132 55 114 5
63085966620000 - 55 114
63085967760000 - 25 55 104
63086230800000 - 25 55 104
63086290620000 - 47 132 55 25 114 5
63086461380000 - 25 55 104
63086481180000 - 25 55
63086494080000 - 25 55 104
63086574000000 - 25 55 104
63086982300000 - 25 55 104
63087084180000 - 47 55
63087151320000 - 47 132 55 114 5
63087497880000 - 25 55 104
63087584220000 - 25 55 104
63087616620000 - 47 132 55 114 5
63087669780000 - 25 55 104
63087756600000 - 25 55 104
63087773340000 - 148 55 130 21
63088034400000 - 25 55 104
63088047840000 - 25 55 104
63088048500000 - 25 55 104
63088107960000 - 132 55 61
63088135980000 - 25 55 104
63088192080000 - 132 55
63088195320000 - 132 55 61
63088274460000 - 25 55 104
63088282380000 - 132 55
63088296600000 - 47 55
63088297980000 - 132 55
63088301160000 - 47 132 55 114 5
63088361220000 - 25 55 104
63088387680000 - 132 55
63088389120000 - 25 55 104
63088639860000 - 47 132 55 114 104 5
63088651920000 - 25 55 104
63088737120000 - 25 55 104
63088973220000 - 25 55 104
63088990680000 - 132 47 55 61
63088999140000 - 25 55 104
63089253900000 - 132 55
63089311260000 - 25 55 104
63089321280000 - 148 55 130 21
63089400120000 - 47 132 55 114 5
63089484840000 - 25 55 104
63089486280000 - 47 132 55 114 5
63089494500000 - 47 132 55 114 5
63089502720000 - 47 132 55 114 5
63089828280000 - 132 55
63089837400000 - 25 55
63089915580000 - 25 55 104
63089917320000 - 25 55
63089946300000 - 132 55
63089948280000 - 25 55 104
63090088620000 - 25 55 104
63090172440000 - 25 55 104
63090441780000 - 47 132 55 114 5
63090469200000 - 25 55 104
63091233780000 - 132 55
63091844940000 - 47 132 55 114 5
63091990740000 - 47 132 55 114 5
63092270520000 - 47 132 55 25 114 5
63092354580000 - 47 55
63092363940000 - 47 55
63092364540000 - 132 55 114 5
63092366040000 - 132 55 114
63092442660000 - 47 55
63092449980000 - 132 55
63092455200000 - 132 55 114 5
63092457840000 - 132 55 114 5
63092506380000 - 47 55
63092872200000 - 47 55
63093026700000 - 47 25 55 104
63093031680000 - 132 55 114 5
63093049080000 - 132 55
63093053280000 - 132 55
63093110040000 - 47 25 55 104
63093110580000 - 47 55
63093113880000 - 47 55
63093116760000 - 132 55 114 5
63093147300000 - 47 25 55 104
63093233400000 - 47 25 55 104
63093544020000 - 47 25 55 104
63093561300000 - 132 55 114 5
63093633480000 - 47 25 55 104
63093654600000 - 47 25 55 132 104
63093658680000 - 47 25 55 104
63093745500000 - 47 25 55 104
63093803640000 - 47 55
63093806040000 - 55 114
63093823740000 - 25 55
63094095900000 - 47 25 55 104
63094167060000 - 25 55
63094181760000 - 47 25 55 104
63094350180000 - 132 55
63094428240000 - 132 55
63094440720000 - 47 25 55 104
63094750980000 - 47 25 55 104
63094785480000 - 47 25 55 104
63094876380000 - 47 25 55 104
63094934280000 - 132 55 114 5
63094959900000 - 47 25 55 104
63095039520000 - 47 25 55 104
63095044860000 - 55 61
63095364240000 - 132 55 114 5
63095397360000 - 47 25 55 104
63095398260000 - 132 55
63095455440000 - 55 61
63095533620000 - 47 25 55 104
63095535600000 - 132 55 114 5
63095540100000 - 132 55 114 5
63095554800000 - 132 55 114 5
63095561280000 - 55 5
63095563680000 - 47 25 55 104
63095566980000 - 25 55
63095640780000 - 55 61
63095651940000 - 47 25 55 104
63095656860000 - 132 55 114 5
63095910480000 - 47 25 55 104
63095970180000 - 132 55 114
63095986080000 - 55 5
63095994480000 - 47 25 55 104
63096068580000 - 132 55 114 5
63096086100000 - 47 25 55 104
63096225360000 - 47 25 55 104
63096250860000 - 47 25 55 104
63096251400000 - 55 61
63096251640000 - 55 61
63096251700000 - 55 61
63096254220000 - 47 25 55 104
63096659460000 - 47 25 55 104
63096660240000 - 55 114
63096683100000 - 132 55 114 5
63096685320000 - 132 55
63096691020000 - 47 25 55 104
63096692040000 - 55 130
63096744540000 - 132 54 55 114 5
63096746940000 - 55 114
63096758700000 - 55 104
63096774240000 - 47 25 55 104
63097088460000 - 47 25 55 104
63097108740000 - 132 55
63097110960000 - 25 55
63097116720000 - 47 55
63097117800000 - 47 25 55 104
63097119060000 - 132 55
63097173120000 - 132 55 114 5
63097201200000 - 47 25 55 104
63097213440000 - 55 114
63097215180000 - 55 61
63097259700000 - 43 132 55
63097278480000 - 132 25 55 54 47 114 104 5
63097290660000 - 47 55
63097291380000 - 47 25 55 104
63097292400000 - 47 55
63097347840000 - 132 55 114 5
63097351140000 - 55 5
63097364040000 - 55 46
63097364220000 - 47 55
63097442880000 - 47 25 55 104
63097456020000 - 47 55
63097461840000 - 47 55
63097462380000 - 132 55
63097463220000 - 47 25 55 104
63097709220000 - 47 55
63097709400000 - 55 114
63097709760000 - 55 114
63097723560000 - 47 25 55 104
63097811160000 - 47 25 55 104
63097872720000 - 25 55
63097890000000 - 132 55 114 5
63097892700000 - 47 25 55 104
63097894140000 - 25 55
63097953600000 - 55 61
63097955820000 - 55 61
63097958340000 - 55 61
63097960740000 - 47 25 55 104
63097961520000 - 47 25 55 104
63097962300000 - 132 55 114 5
63098035440000 - 47 25 55 104
63098035860000 - 132 55 114 5
63098035920000 - 25 55
63098036040000 - 132 55
63098060820000 - 132 55
63098069940000 - 132 55 114 5
63098483820000 - 47 25 55 104
63098492220000 - 55 114
63098494020000 - 132 55 114 5
63098499000000 - 55 61
63098567700000 - 47 25 55 104
63098579700000 - 55 61
63098584320000 - 47 25 55 104
63098584680000 - 55 61
63098640720000 - 132 55
63098666040000 - 47 25 55 104
63098988840000 - 47 25 55 104
63098991840000 - 25 55
63099020580000 - 47 25 55 104
63099081960000 - 47 25 55 104
63099100140000 - 47 25 55 104
63099111180000 - 55 61
63099164700000 - 132 55
63099188760000 - 47 25 55 104
63099190980000 - 47 55
63099191640000 - 47 55
63099195300000 - 47 55
63099195840000 - 55 61
63099200400000 - 55 5
63099268020000 - 132 55 114 5
63099276120000 - 47 25 55 104
63099678720000 - 47 25 55 104
63099679260000 - 47 25 55 104
63099681720000 - 55 61
63099712140000 - 47 25 55 104
63099797040000 - 47 25 55 104
63099858600000 - 55 114
63099879240000 - 47 25 55 104
63100140000000 - 47 25 55 132 104
63100200960000 - 47 25 55 104
63100201980000 - 47 25 55 104
63100229340000 - 47 25 55 104
63100316040000 - 47 25 55 104
63100373760000 - 55 147 61
63100373880000 - 55 61
63100459440000 - 47 25 55 104
63100474140000 - 47 25 55 104
63100487820000 - 132 55 114 5
63100723440000 - 55 5
63100727640000 - 132 55 114 5
63100738080000 - 47 25 55 104
63100741920000 - 25 55
63100747680000 - 47 25 55 104
63100810860000 - 54 55
63100812600000 - 55 61
63100813560000 - 55 61
63100817400000 - 47 25 55 104
63100818840000 - 132 55 114 5
63100824900000 - 132 55
63100890420000 - 47 25 55 104
63100918680000 - 47 25 55 104
63100977120000 - 25 55
63101003580000 - 47 25 55 104
63101063760000 - 132 55 114 5
63101066340000 - 55 147 61
63101092320000 - 47 25 55 104
63101092440000 - 132 55 114 5
63101327100000 - 132 55 114
63101327580000 - 55 5
63101330640000 - 55 147 61
63101344980000 - 55 104
63101407860000 - 47 25 55 104
63101425380000 - 132 55 114 5
63101438880000 - 47 25 55 104
63101503620000 - 55 147 61
63101515800000 - 55 5
63101517420000 - 132 55
63101580900000 - 47 25 55 104
63101608500000 - 47 25 55 104
63102029700000 - 47 25 55 104
63102029880000 - 47 25 55 104
63102030540000 - 47 55
63102034800000 - 47 55
63102040260000 - 132 55 114 5
63102041760000 - 55 87 5
63102043380000 - 55 114 87 5
63102043440000 - 47 25 55 104
63102102600000 - 55 87 5
63102129840000 - 47 25 55 104
63102187200000 - 47 25 55 104
63102207180000 - 132 55 114 87 5
63102210420000 - 25 55
63102212640000 - 25 55
63102214260000 - 55 5
63102216960000 - 47 25 55 104
63102532200000 - 47 25 55 104
63102532440000 - 55 114
63102547380000 - 132 55 114 87 5
63102557640000 - 132 55
63102617940000 - 47 25 55 104
63102634920000 - 55 87
63102703200000 - 47 25 55
63102705840000 - 47 55
63102737760000 - 47 25 55
63102819000000 - 47 25 55
63102908880000 - 47 25 55
63103160100000 - 132 55 114 87 5
63103161060000 - 47 25 55
63103248900000 - 47 25 55
63103323960000 - 132 55 114 87 5
63103335420000 - 47 25 55
63103398960000 - 132 55
63103481580000 - 47 25 55
63103490400000 - 132 55
63103507500000 - 47 25 55
63103830660000 - 132 55 114
63103855860000 - 47 25 55
63103923900000 - 132 55 114 87 5
63103941120000 - 132 55
63103944240000 - 47 25 55
63104005740000 - 25 55
63104017980000 - 55 2 93 115
63104086800000 - 47 25 55
63104089380000 - 54 55
63104093520000 - 47 25 55
63104431860000 - 54 55
63104431980000 - 132 55
63104432040000 - 47 25 55
63104432640000 - 47 25 55
63104437260000 - 148 55 130 93 21
63104464500000 - 47 25 55
63104465160000 - 47 55
63104518800000 - 47 55
63104545500000 - 47 25 55
63104635020000 - 47 25 55
63104718660000 - 47 25 55
63104722740000 - 132 55
63104951280000 - 132 55 114
63104961900000 - 55 5
63104980740000 - 47 25 55
63105037140000 - 47 25 55
63105062760000 - 47 25 55
63105065760000 - 132 55
63105068040000 - 47 55
63105068940000 - 47 55
63105069360000 - 132 55
63105137640000 - 55 114
63105145380000 - 55 114
63105145440000 - 55 114
63105149400000 - 47 25 55
63105292800000 - 47 25 55
63105315600000 - 47 55
63105324360000 - 47 25 55
63105332280000 - 55 114
63105579720000 - 132 55 114
63105581460000 - 47 25 55
63105663540000 - 55 114
63105668160000 - 47 25 55
63105675600000 - 132 55 114 87 5
63105728340000 - 132 55 114 87 5
63105732960000 - 132 55
63105756720000 - 47 25 55
63105814740000 - 132 55 114 87 5
63105817740000 - 55 87 5
63105841140000 - 55 114
63105900660000 - 132 55 114 87 5
63105920880000 - 55 114
63105923400000 - 47 25 55
63106191240000 - 47 25 55
63106270500000 - 132 55 114 87 5
63106270680000 - 47 55
63106275720000 - 47 25 55
63106362120000 - 47 25 55
63106764240000 - 55 114
63106764420000 - 47 25 55
63106764780000 - 47 25 55
63106769520000 - 148 55 130 21
63106847160000 - 47 25 55
63106876440000 - 55 5
63106877340000 - 47 55
63106885320000 - 47 25 55
63106939020000 - 47 55
63107023920000 - 47 25 55
63107028660000 - 132 55 114 87 5
63107030580000 - 132 55 114
63107140020000 - 132 55
63107140320000 - 132 25 55
63107386680000 - 132 55 114 87 5
63107394900000 - 47 25 55
63107395260000 - 47 25 55
63107460720000 - 132 55
63107470440000 - 47 25 55
63107472540000 - 132 55 114 87 5
63107479260000 - 47 55
63107479620000 - 47 55
63107481000000 - 55 114
63107487420000 - 132 55
63107541780000 - 55 61
63107551680000 - 55 61
63107554620000 - 47 25 55
63107625060000 - 47 25 55
63107629620000 - 132 55 114 87 5
63107631180000 - 132 55 114
63107637660000 - 132 55 114
63107637840000 - 47 25 55
63107718540000 - 132 55
63107731980000 - 55 114
63107734140000 - 132 55 114 87 5
63107735100000 - 55 87 5
63107982000000 - 55 114 5
63107990520000 - 47 25 55
63107999160000 - 47 25 55
63108072960000 - 55 147 61
63108081900000 - 132 55 114 87 5
63108082260000 - 47 25 55
63108090060000 - 25 55
63108149580000 - 132 55
63108161580000 - 132 55
63108172200000 - 47 25 55
63108179700000 - 47 25 55
63108231780000 - 132 55
63108232260000 - 47 25 55 132
63108236460000 - 55 147 61
63108249180000 - 47 25 55
63108258180000 - 55 147 61
63108260580000 - 47 25 55
63108320460000 - 47 25 55
63108327360000 - 47 25 55
63108345480000 - 132 55 114 87 5
63108350400000 - 47 25 55
63108581580000 - 47 55
63108603660000 - 55 87
63108608640000 - 47 25 55
63108666660000 - 47 55
63108678240000 - 132 55 114 87 5
63108690120000 - 47 55
63108695820000 - 47 25 55
63108780720000 - 47 25 55
63108852900000 - 55 87 5
63108859620000 - 55 147 61
63108866460000 - 47 25 55
63108953580000 - 47 55
63108953640000 - 47 55
63108954840000 - 132 55 114 87 5
63108956760000 - 47 25 55
63109209720000 - 55 147 61
63109213500000 - 47 25 55
63109290180000 - 47 25 55
63109290960000 - 132 55 114 87 5
63109292040000 - 132 55
63109295640000 - 47 25 55
63109391160000 - 47 25 55
63109465920000 - 55 147 61
63109469640000 - 55 5
63109530240000 - 47 25 55
63109551240000 - 47 25 55
63109789680000 - 55 2 72 95
63109790700000 - 47 132 55
63109806000000 - 47 25 55
63109809780000 - 55 147 61
63109811160000 - 55 147 61
63109812540000 - 132 55 114 87 5
63109818480000 - 55 147 61
63109818540000 - 47 25 55
63109872060000 - 47 132 55
63109877580000 - 47 55
63109879320000 - 47 55
63109880580000 - 132 55 114 87 5
63109883220000 - 55 87 5
63109899060000 - 132 55 114 87 5
63109903200000 - 47 132 55
63109904460000 - 47 25 55
63109959540000 - 55 5
63109960140000 - 55 114
63109977480000 - 55 114
63109977720000 - 47 25 55
63109987500000 - 47 55
63109987800000 - 55 114
63109988400000 - 47 55
63110049180000 - 47 132 55
63110049300000 - 55 5
63110049540000 - 55 5
63110064300000 - 55 147 61
63110067240000 - 132 55
63110074500000 - 47 25 55
63110312940000 - 47 25 55
63111007560000 - 55 147 61
63111013920000 - 55 147 61
63111022380000 - 132 55 114
63111025020000 - 47 25 55
63111028500000 - 47 55
63111084480000 - 55 87
63111085740000 - 132 55 114 87 5
63111089520000 - 132 55 114
63111095460000 - 55 114
63111096180000 - 55 87 5
63111114000000 - 55 114
63111173400000 - 132 55 114 87 5
63111198060000 - 132 55
63111198840000 - 47 25 55
63111199140000 - 55 5
63111272160000 - 47 25 55
63111275940000 - 132 55
63111286080000 - 47 25 55
63111370380000 - 47 25 55
63111688680000 - 47 25 55
63111714660000 - 47 55
63111716580000 - 47 55
63111778080000 - 47 25 55
63111810780000 - 132 55 104
63111878640000 - 55 5
63111896520000 - 132 55
63111950160000 - 55 147 61
63111965280000 - 132 55 114 87 5
63112211040000 - 55 114
63112230180000 - 55 114
63112243380000 - 47 25 55
63112295520000 - 132 55
63112319520000 - 55 114
63112382580000 - 47 25 55
63112399320000 - 132 55
63112473780000 - 132 55 114 87 5
63112573200000 - 55 147 61
63112573380000 - 55 147 61
63112586340000 - 47 55
63112837740000 - 55 147 61
63112900680000 - 47 55
63112929420000 - 47 55
63113014740000 - 47 55
63113016060000 - 47 55
63113075640000 - 55 87 5
63113603160000 - 47 55
63113603340000 - 47 55
63113621400000 - 47 55
63113706240000 - 47 55
63114109080000 - 47 55
63114109560000 - 55 108
63114110340000 - 55 147 61
63114121680000 - 132 55
63114137940000 - 47 55
63114285540000 - 47 55
63114297240000 - 132 55 114 87 5
63114298560000 - 132 55
63114301680000 - 132 55 114 87 5
63114302880000 - 55 87 5
63114313680000 - 47 55
63114389460000 - 47 55
63114389520000 - 47 55
63114714900000 - 55 147 61
63114742680000 - 47 55
63114815880000 - 47 55
63114829380000 - 47 55
63115319640000 - 47 55
63115416900000 - 47 55
63115421520000 - 47 55
63115496340000 - 47 55
63115526400000 - 55 61
63115579200000 - 55 87
63115580520000 - 55 114
63115583340000 - 132 55
63115602600000 - 47 55
63115924860000 - 47 55
63115942020000 - 132 55
63115949280000 - 132 55
63115952400000 - 132 55 114 87 5
63116010360000 - 55 114
63116010480000 - 47 55
63116021100000 - 55 87
63116021520000 - 55 87
63116036220000 - 132 55 114 87 5
63116036280000 - 132 55
63116040840000 - 55 143
63116097780000 - 55 87 5
63116099040000 - 47 55
63116183400000 - 47 55
63116199180000 - 55 114
63116206020000 - 47 55
63116210880000 - 47 55
63116212020000 - 47 55
63116441280000 - 132 55
63116554680000 - 47 55
63116614920000 - 132 55 114 87 5
63116617800000 - 47 55
63116629920000 - 55 2 95
63116643000000 - 132 55 114 87 5
63116704860000 - 47 55
63116726400000 - 132 55 114 87 5
63117047580000 - 47 55
63117053280000 - 132 25 55
63117079620000 - 47 55
63117154440000 - 132 55
63117238020000 - 132 25 55
63117239340000 - 132 55
63117242460000 - 47 55
63117249960000 - 47 55
63117334320000 - 47 55
63117424020000 - 47 55
63117653820000 - 132 25 55
63117668280000 - 132 55 114 87 5
63117737580000 - 132 55
63117750360000 - 47 55
63117751380000 - 47 55
63117761880000 - 132 55 114 87 5
63117763140000 - 55 114
63117764940000 - 55 73
63117766560000 - 132 55 114 87 5
63117831120000 - 55 87 5
63117846420000 - 55 5
63117911880000 - 132 55 114 87 5
63117912060000 - 55 114
63117929520000 - 55 143
63117931260000 - 55 114
63118373340000 - 47 55
63118443720000 - 55 87
63118458840000 - 47 55
63118546800000 - 47 55
63118628040000 - 55 147
63118890480000 - 55
63118892700000 - 47 55
63118949160000 - 132 55 114 87 5
63118978320000 - 47 55
63119063880000 - 47 55
63119136900000 - 55 87
63119143980000 - 132 25 55
63119153160000 - 47 55
63119200740000 - 55 114
63119201820000 - 132 55 114 87 5
63119237760000 - 47 55
63119475660000 - 132 55 114 87 5
63119475720000 - 132 55 114 87 5
63119479200000 - 55 104
63119552940000 - 47 55
63119559420000 - 132 55
63119638440000 - 47 55
63119669400000 - 47 55
63119740500000 - 132 55
63119755260000 - 132 55
63119811420000 - 47 55
63119842380000 - 47 55
63120084420000 - 132 55 114
63120098640000 - 47 55
63120099300000 - 55 87 5
63120263460000 - 25 55
63120266460000 - 132 55
63120270900000 - 47 55
63120275220000 - 55 114
63120426600000 - 55 114
63120437040000 - 55 2
63120437220000 - 55 87
63120437760000 - 55 87
63120700320000 - 55 2 95
63120705540000 - 47 55
63120707820000 - 55 61
63120783480000 - 55 2 95
63120849720000 - 47 55
63120849900000 - 55 2 61
63120861000000 - 55 114
63120871500000 - 55 87
63120877620000 - 55 2 95
63120878280000 - 47 55
63120957480000 - 55 2 95
63120965640000 - 47 55
63121043700000 - 55 2 95
63121052040000 - 47 55
63121365960000 - 55 2 95
63121375800000 - 55 114
63121391760000 - 132 55 114 87 5
63121393380000 - 47 55
63121459020000 - 132 55 114 87 5
63121477320000 - 132 55
63121479180000 - 55 5
63121539960000 - 47 55
63121561920000 - 47 55
63121651680000 - 55 2 95
63121885800000 - 47 55
63121913940000 - 47 55
63121976520000 - 47 55
63122491500000 - 55 2 95
63122491740000 - 55 87
63122512020000 - 132 55 114 87 5
63122514000000 - 47 55
63122606640000 - 47 55
63122679540000 - 132 55
63122680920000 - 47 55
63122697780000 - 47 55
63122779620000 - 47 55
63122846340000 - 47 55
63123116580000 - 132 55
63123116940000 - 132 55
63123117060000 - 132 55
63123122460000 - 47 55
63123124320000 - 47 55
63123198060000 - 132 55 114
63123210780000 - 47 55
63123268860000 - 132 55
63123352980000 - 47 55
63123353760000 - 55 87
63123376380000 - 47 55
63123460800000 - 132 55
63123465600000 - 47 55
63123701880000 - 55 143
63123712080000 - 55 114
63123715200000 - 55 143
63123724680000 - 132 47 55 114 87 5
63123730080000 - 47 55
63123731760000 - 47 132 55
63123816420000 - 47 55
63123898320000 - 55 147
63123900960000 - 47 55
63123989100000 - 47 55
63124055400000 - 47 55
63124333200000 - 47 55
63124419180000 - 47 55
63124420560000 - 132 47 55 114 87 5
63124916040000 - 47 55
63124917480000 - 55 2 95
63124917600000 - 47 55
63124937280000 - 47 55
63125003520000 - 132 55 114 87 5
63125023020000 - 47 55
63125102460000 - 55 2 95
63125112660000 - 47 55
63125191740000 - 47 55
63125200140000 - 47 55
63125258820000 - 55 2 95
63125272200000 - 132 47 55 114 87 5
63125533080000 - 47 55
63125621220000 - 47 55
63125627880000 - 47 55
63125709720000 - 47 55
63125714040000 - 47 55
63125785500000 - 132 55 114 87 5
63125799720000 - 47 55
63125871900000 - 132 55
63125880960000 - 47 55
63126147960000 - 47 55
63126306060000 - 55 5
63126811740000 - 47 55 87 5
63126824340000 - 55 114
63127067400000 - 55 5
63127584960000 - 132 55 114 87 5
63127615920000 - 132 55
63136604997000 - 55 2 95
63137372617000 - 47 55 114 87 5
63137810985000 - 47 55 114 87 5
63137818153000 - 55 2 95
63137894586000 - 55 87
63137904698000 - 55 2 95
63138001365000 - 55 87
63138004966000 - 55 87
63138004997000 - 55 87
63138254603000 - 55 87
63138258833000 - 47 55 87 5
63138421901000 - 47 55 114 87 5
63138946479000 - 55 87
63139126790000 - 55 87
63139443495000 - 47 55
63139551507000 - 55 114
63139633257000 - 55 87
63139639314000 - 55 87
63139725902000 - 47 55
63139727663000 - 47 55
63139733810000 - 47 55
63140072011000 - 47 55
63140076518000 - 47 55 90
63140078211000 - 55 87
63140079369000 - 47 55
63140223921000 - 55 87
63140226827000 - 55 2 95
63140244461000 - 55 2 95
63140317874000 - 55 87
63140317908000 - 55 2 95
63140322031000 - 55 87
63140415957000 - 55 2 95
63140417102000 - 55 104
63140661021000 - 55 87
63140661036000 - 55 87
63140661166000 - 55 87
63140661217000 - 55 87
63140676049000 - 55 87 5
63141436865000 - 47 55 114
63142749661000 - 55 2 95
63143183884000 - 47 55 87 5
63144547077000 - 55 87
63082752780000 - 140 56
63082921860000 - 140 56
63083202960000 - 140 56
63083260380000 - 116 56
63083260860000 - 116 56
63083267640000 - 61 56
63083268120000 - 3 56
63083886120000 - 61 56
63084039060000 - 56 138
63084040740000 - 17 56
63084142500000 - 56 12
63084991920000 - 56
63085013580000 - 43 56 57
63085707900000 - 125 56
63085882500000 - 61 56
63085972980000 - 61 56
63087087420000 - 43 56
63087437880000 - 140 56
63087493680000 - 56
63088196400000 - 36 56
63088908840000 - 3 56
63088970460000 - 3 56
63089858580000 - 56 118
63090119700000 - 56
63091391160000 - 3 56
63092280000000 - 56 12
63093805200000 - 140 56
63094154460000 - 140 56
63094168800000 - 140 56
63094789020000 - 23 56
63094789560000 - 56
63094790460000 - 93 56
63095554860000 - 2 56
63095729700000 - 56 118
63095731200000 - 56
63097100820000 - 140 56
63097201620000 - 64 56
63097431480000 - 56 8
63097465380000 - 43 56
63097699440000 - 56
63097699920000 - 56
63097722300000 - 56
63097861920000 - 56
63097896240000 - 140 56
63099010380000 - 56 12
63099016200000 - 63 56 115
63099083760000 - 63 56
63100291920000 - 23 56
63100399380000 - 61 56
63100456500000 - 93 56
63100486740000 - 93 56
63100734900000 - 56 115
63100827600000 - 56 118
63100983360000 - 56
63101509200000 - 140 56
63101526300000 - 43 56
63101663400000 - 56
63102109020000 - 63 56
63102536940000 - 56 138
63102562140000 - 63 56
63102619680000 - 56 115
63102704220000 - 56 115
63102705900000 - 56
63102734880000 - 56 139
63103149900000 - 56 138
63103245780000 - 56 115
63103308720000 - 63 56
63103486980000 - 56 115
63103929060000 - 63 56
63104966760000 - 56 57
63105127740000 - 56 57
63105129060000 - 125 56
63105133260000 - 56 118
63105139920000 - 56 118
63105750000000 - 56 139
63107055960000 - 56
63107482920000 - 56 115
63108859800000 - 61 56
63109195920000 - 117 56
63109362660000 - 117 56 111
63109468200000 - 140 56
63109530960000 - 93 56
63109533420000 - 56 12
63109546200000 - 56 12
63110401200000 - 56 12
63110570340000 - 56 115
63111342060000 - 56
63111363360000 - 56
63111366840000 - 56
63111368100000 - 56
63111370260000 - 56
63111452280000 - 63 56
63111705480000 - 56 139
63111705960000 - 61 56
63111865920000 - 61 56
63111885660000 - 56 115
63112236600000 - 63 56
63112475100000 - 23 56
63112837560000 - 140 61 56
63112941960000 - 56
63113094000000 - 56 111
63113159640000 - 23 56
63113185980000 - 56
63114118080000 - 63 56
63114193440000 - 56 12
63114193920000 - 56 115
63114196260000 - 140 56
63114218940000 - 56 8
63114305400000 - 56 118
63114313620000 - 63 56
63114392160000 - 56 8
63114393600000 - 102 56
63114638760000 - 56 12 115
63114830280000 - 56
63115000860000 - 2 61 56 129
63115334700000 - 56 8
63115335540000 - 56 138
63115508580000 - 63 56
63115508760000 - 56 115
63115938360000 - 56
63115939260000 - 56 115
63116460720000 - 140 56 115
63116467260000 - 56 115
63116473620000 - 56 115
63118869060000 - 56
63119733660000 - 140 56
63119733900000 - 140 56
63120079860000 - 56
63120100020000 - 56 115
63120765360000 - 140 56
63122085240000 - 56 115
63123359700000 - 147 56
63123395700000 - 147 56
63123815460000 - 56
63123816240000 - 56
63123816660000 - 56 138
63123851460000 - 56
63123852240000 - 56
63123852660000 - 56 138
63124324080000 - 56 76 52
63124360080000 - 56 76 52
63124409280000 - 56 138
63124445280000 - 56 138
63124916520000 - 140 61 56
63124952520000 - 140 61 56
63086752380000 - 116 57
63088389240000 - 64 118 57
63091249320000 - 116 57
63091762200000 - 116 57
63099731400000 - 125 57
63099743880000 - 125 116 57
63099862320000 - 116 57
63099870180000 - 116 57
63100148340000 - 118 57
63100218360000 - 116 57
63100797960000 - 23 57
63100839360000 - 116 57
63100924380000 - 116 57
63101012400000 - 116 57
63101318220000 - 116 57
63101415060000 - 57 115
63101486100000 - 57 24
63102099180000 - 116 57
63102526380000 - 125 57
63102528060000 - 125 116 57
63102645480000 - 57 20
63102645780000 - 116 57
63102646080000 - 125 116 57
63102646200000 - 17 57
63102646260000 - 125 116 57
63102714180000 - 116 57
63102870720000 - 125 116 57
63102870780000 - 125 116 57
63103157760000 - 116 57
63103426920000 - 125 57
63103477380000 - 44 57 20
63103478040000 - 57 20
63103478100000 - 116 57
63103480020000 - 57 20
63104516400000 - 57
63104687640000 - 57 20
63104687700000 - 57 20
63105124860000 - 125 57
63105129300000 - 57
63105291660000 - 116 57
63105316440000 - 57 52
63105668040000 - 57 20
63105670080000 - 116 57
63105758460000 - 57 20
63106155240000 - 140 57
63106710840000 - 57 20
63106771560000 - 116 57
63106872900000 - 77 57
63106959780000 - 57 20
63107118360000 - 57 20
63107118540000 - 140 57
63107370420000 - 57 20
63107375460000 - 125 57
63107414220000 - 125 57 44
63107415060000 - 125 57
63107971320000 - 116 57
63108664440000 - 23 63 20 125 140 116 57 44
63108776580000 - 43 57
63108777540000 - 116 57
63108796200000 - 57 12
63108839160000 - 125 57
63109270740000 - 44 125 116 57 20
63109274160000 - 57 20
63109455240000 - 57 20
63109455960000 - 116 57
63109531560000 - 116 57
63109544400000 - 118 57
63109545060000 - 23 57
63109722780000 - 57 20
63109722900000 - 57 20
63109785060000 - 57 44
63109791060000 - 125 116 57
63110038500000 - 20 57 44
63110079960000 - 64 57
63110235360000 - 108 57
63110347860000 - 64 57
63111092760000 - 140 57
63111166080000 - 23 63 57
63111176520000 - 116 57
63111602160000 - 57 20
63111624840000 - 64 57
63111946680000 - 116 57
63112206360000 - 116 57
63112210320000 - 116 57
63112316820000 - 57 20
63112906800000 - 116 57
63113540460000 - 1 125 116 57 20
63113596080000 - 57 20
63113608920000 - 64 57
63113608980000 - 64 57
63113609040000 - 64 57
63113610660000 - 64 57
63113721540000 - 20 4 44 125 116 57 1
63113794440000 - 15 57
63114102900000 - 57 20
63114123540000 - 57 20
63114123600000 - 57 20
63114129840000 - 116 57
63114139320000 - 57 20
63114139920000 - 57 20
63114142800000 - 57 20
63114211500000 - 57 20
63114211560000 - 17 57
63114211680000 - 17 57
63114211860000 - 17 57
63114379440000 - 125 57
63114623760000 - 116 57
63114623880000 - 125 116 57
63114664260000 - 57 20
63115163520000 - 140 43 125 64 44 4 118 57 23 63 41 12 1
63115506480000 - 85 43 125 57 1
63115522440000 - 64 57
63115775340000 - 57 20
63115775580000 - 125 116 57 20
63115777440000 - 57 20
63115779720000 - 125 116 57 20
63115780320000 - 57
63116646600000 - 125 116 57 20
63116646840000 - 64 57
63116723460000 - 57 20
63117214440000 - 64 57
63118357740000 - 125 17 57
63118538580000 - 125 57
63119052840000 - 116 57
63119053080000 - 57 115
63119218980000 - 125 116 57 20
63119826240000 - 116 57
63119826540000 - 125 57
63120098760000 - 57 20
63120172320000 - 17 57
63120172440000 - 57 20
63120274740000 - 57 20
63120432360000 - 125 57
63120627480000 - 125 57
63120628980000 - 57 20
63120671580000 - 57 20
63121020420000 - 57 20
63121226700000 - 57 20
63121226940000 - 17 57
63121228380000 - 116 57
63121880160000 - 116 57
63122000580000 - 57 24
63122512320000 - 64 57
63122571360000 - 64 118 57 12
63123049320000 - 77 57
63123111840000 - 57
63123366660000 - 57 20
63123462420000 - 118 57
63123462480000 - 57 20
63123980940000 - 17 57
63123983700000 - 64 57
63124299840000 - 125 116 57 20
63124471200000 - 116 57
63124674780000 - 57 46
63124677000000 - 77 57
63124677420000 - 63 57
63124845960000 - 108 57
63124846200000 - 108 57
63125169300000 - 125 57
63125170080000 - 125 57 20
63125253300000 - 57 20
63125468400000 - 133 57
63126231360000 - 116 57
63126322440000 - 125 116 57
63126372600000 - 57 20
63126373020000 - 116 57
63126396540000 - 116 57
63126408000000 - 15 57
63126480900000 - 116 57 24
63127620180000 - 125 57
63128049300000 - 118 57
63128102700000 - 64 118 57
63128103300000 - 116 57
63128124000000 - 140 64 118 57 24
63128134320000 - 63 118 57
63128134380000 - 140 57
63128222220000 - 125 116 57
63128296620000 - 64 57
63128533260000 - 57 20
63130001340000 - 57 20
63130087740000 - 116 57
63130123740000 - 116 57
63130159380000 - 125 116 57
63130281300000 - 125 57
63130281600000 - 125 57
63130281720000 - 125 116 57 20
63130317300000 - 125 57
63130317600000 - 125 57
63130317720000 - 125 116 57 20
63130348560000 - 116 57
63130384560000 - 116 57
63130524420000 - 116 57
63130558020000 - 57 20
63130560420000 - 116 57
63130565820000 - 57 20
63130618080000 - 57 20
63130654080000 - 57 20
63131123820000 - 43 63 140 61 64 108 118 57
63131159820000 - 43 63 140 61 64 108 118 57
63131215020000 - 57 20
63131251020000 - 57 20
63085112220000 - 58 115
63088899120000 - 58 115
63088905240000 - 58 115
63090691860000 - 75 58
63092879520000 - 2 58
63093643620000 - 58 61
63094932360000 - 58 61
63095388060000 - 58 61
63097373580000 - 58 48
63103490640000 - 58 6
63103836480000 - 58 6
63105068700000 - 58 62 41
63106278000000 - 75 58
63112236540000 - 132 58
63125197440000 - 78 58
63125233440000 - 78 58
63144371602000 - 80 59
63144372620000 - 80 59
63145247509000 - 80 59
63145664050000 - 80 59
63145672751000 - 80 59
63145751563000 - 80 59
63145753409000 - 59 41
63145754524000 - 59 41
63145757423000 - 80 59
63146101937000 - 59 41
63146113567000 - 59 41
63146189192000 - 80 59
63146280899000 - 80 59
63146282379000 - 59 41
63146377996000 - 80 59
63146441478000 - 80 59
63146451138000 - 80 59
63146800594000 - 80 59
63146807091000 - 80 59
63146896499000 - 59 41
63146970321000 - 101 59
63148099940000 - 80 59
63148171305000 - 80 59
63148539587000 - 29 59 51 41
63148691365000 - 80 59
63148700292000 - 59 51
63125688600000 - 14 60 28
63125688720000 - 60 94
63137288336000 - 60 38
63137297203000 - 60 38
63138334067000 - 60 38
63141942417000 - 7 60
63132214662000 - 148 2 21 85 136 147 130 142 3 61 41
63137107640000 - 77 61
63137109111000 - 61
63137131953000 - 63 61
63137192974000 - 61 15
63137193787000 - 61 8
63137193850000 - 136 61
63137196324000 - 61
63137205825000 - 63 61
63137208587000 - 63 61
63137208848000 - 148 2 21 85 136 147 130 142 3 61 41
63137243384000 - 61 21
63137297830000 - 63 61
63137377859000 - 61
63137386794000 - 136 61
63137590563000 - 63 61
63137590777000 - 63 61
63137623789000 - 63 61
63137623803000 - 63 61
63137623813000 - 63 61
63137655993000 - 136 61
63137711155000 - 128 61
63137802270000 - 63 61
63137812906000 - 63 61
63137903007000 - 140 61
63137913126000 - 23 63 77 61 76
63138253385000 - 63 61
63138259460000 - 61 8
63138317462000 - 63 61
63138335879000 - 61 15
63138346282000 - 63 61
63138348434000 - 61
63138607958000 - 136 61
63138622268000 - 63 61
63138675538000 - 63 61
63138697443000 - 63 61
63138698016000 - 63 61
63138758958000 - 63 61
63138831162000 - 63 61
63138850226000 - 61
63138866640000 - 63 61
63138869705000 - 116 61
63138925381000 - 147 61
63138926828000 - 63 61
63138926937000 - 147 61
63138944291000 - 63 61
63138954031000 - 63 61
63139007705000 - 61
63139028103000 - 63 61
63139132590000 - 61
63139524801000 - 140 61
63139530267000 - 63 61
63139611463000 - 63 61
63139619278000 - 63 61
63139623147000 - 63 61
63139629528000 - 147 61
63139629903000 - 2 61
63139645156000 - 63 61
63139649282000 - 136 61
63139699633000 - 136 61
63139699699000 - 136 61
63139710959000 - 63 140 61
63139714298000 - 61 12
63139889718000 - 61
63139891787000 - 63 61
63139896041000 - 140 61
63140083588000 - 63 61
63140088973000 - 63 61
63140096080000 - 63 61
63140097042000 - 61
63142470740000 - 116 61
63142515242000 - 63 61
63142570722000 - 63 61
63142593053000 - 61 64
63142593105000 - 63 61
63142770855000 - 63 61
63143092552000 - 61
63143182143000 - 63 61
63143247628000 - 63 61
63143374833000 - 61 41
63143374987000 - 61 8
63143470821000 - 61 8
63143539060000 - 63 61
63143625540000 - 63 61
63143627002000 - 61 8
63143684874000 - 12 136 2 3 61 130 8 21 41 85
63143860031000 - 63 61
63143946065000 - 128 61
63144224212000 - 63 61
63144490612000 - 140 61
63144490803000 - 61 8
63144653056000 - 128 61
63144655371000 - 61
63145062819000 - 61 104
63145066178000 - 61
63145104837000 - 63 140 61
63145171602000 - 61
63145177082000 - 136 148 2 61 41 85
63145249507000 - 47 61
63145493119000 - 61 12
63145495238000 - 63 61 15
63145497359000 - 61 8
63145500679000 - 61 12
63145505271000 - 63 147 61 8 12
63145508023000 - 136 148 2 61 8 41 12 85
63145664021000 - 63 147 61 8 12
63145665196000 - 61 104
63145665575000 - 61 104
63145667710000 - 61 104
63145670357000 - 147 61 12
63145674395000 - 61 8
63145674410000 - 63 61
63145681402000 - 61 41
63145682819000 - 61 8
63145701829000 - 136 148 2 61 8 41 12 85
63145701883000 - 61 8
63145703096000 - 61 8
63145751824000 - 63 61
63145773984000 - 61 8
63145777617000 - 61 104
63145787901000 - 61 104
63145838159000 - 61 8
63145841648000 - 61 8
63145842109000 - 63 61 8 12
63145850098000 - 63 61
63145859749000 - 63 61 8 12
63145926565000 - 63 61
63146116917000 - 61 8
63146118280000 - 3 61
63146190544000 - 63 61
63146191537000 - 63 61 8 12
63146192136000 - 63 61
63146201517000 - 63 61
63146214611000 - 136 148 2 61 8 41 12 85
63146214963000 - 61
63146282145000 - 63 61
63146288826000 - 63 140 61
63146288841000 - 63 61
63146312813000 - 63 61
63146366413000 - 63 61
63146367816000 - 63 61
63146372776000 - 63 61
63146372996000 - 63 61
63146447681000 - 63 61
63146455814000 - 61
63146565863000 - 63 61
63146879793000 - 63 140 61
63146984136000 - 63 61
63147048528000 - 63 61
63147054617000 - 140 61
63147080289000 - 63 140 61
63147081781000 - 63 140 61
63147239366000 - 63 61
63147333204000 - 140 61
63147335669000 - 63 61
63147336473000 - 63 61
63147337139000 - 63 61
63147338833000 - 63 140 61
63147340373000 - 63 140 61
63147563479000 - 140 61
63147575975000 - 125 61
63147906342000 - 63 140 61
63147906702000 - 63 61
63147992194000 - 140 61
63148215425000 - 63 61
63148265622000 - 140 61
63148294182000 - 63 140 61
63148294307000 - 136 148 63 140 61 8 41 85
63148352128000 - 63 140 61
63148373923000 - 61 104
63148379262000 - 140 61
63148469590000 - 63 61
63148469602000 - 63 61
63148470014000 - 140 61
63148516007000 - 61 8
63148516808000 - 61 8
63148555438000 - 140 61
63148636473000 - 140 61
63148637745000 - 47 55 61 104
63109375980000 - 62
63112299420000 - 19 62
63112829100000 - 62 65 97
63114639660000 - 62 65 41
63114890580000 - 62 65
63116029500000 - 120 62
63117064740000 - 62 129
63123198600000 - 112 62 65 97 51 41
63123809460000 - 122 62
63124060440000 - 137 62
63124060500000 - 137 62
63138408998000 - 62 41
63138495139000 - 19 62
63138580409000 - 62 107 65 97 41
63140403973000 - 19 62
63140404576000 - 19 62
63141431515000 - 62 41
63141881293000 - 62 41
63141947847000 - 62 41
63143773141000 - 62 6
63143946123000 - 128 120 62
63143947176000 - 19 62
63144453980000 - 62 97
63081315900000 - 63 79
63081458040000 - 63 140
63085120740000 - 63 115
63085761780000 - 63 79
63086567220000 - 63 79
63086567880000 - 63
63086918700000 - 63 61
63092018040000 - 23 63
63092521320000 - 63 93
63092886900000 - 23 63 93
63092975280000 - 23 63
63093375540000 - 63 115
63093650520000 - 23 63
63093650640000 - 23 63
63093736380000 - 63 12
63093980220000 - 63 79
63094060680000 - 43 63
63094257840000 - 63 93
63094767240000 - 23 63
63094789020000 - 63 79
63095015940000 - 63 148
63095021400000 - 63 136
63095615220000 - 23 63
63095959020000 - 23 63 93
63096486660000 - 23 63
63097014000000 - 23 63
63097082700000 - 63 115
63097350660000 - 23 63 12
63097357680000 - 23 63
63097707240000 - 63 12
63097772940000 - 63 12
63097800900000 - 23 63
63097876320000 - 63 12
63098595960000 - 23 63
63098669880000 - 63 93
63098911740000 - 23 63
63098917380000 - 148 2 21 85 129 74 63 117 93 115 1
63098993880000 - 23 63
63098994060000 - 23 63
63099076260000 - 63 12
63099078600000 - 63 56
63099079320000 - 23 63
63099107100000 - 63 12
63099107220000 - 63 12
63099264660000 - 63 28
63099509100000 - 63 116
63099509400000 - 23 63 115
63099771000000 - 23 63 93
63099790980000 - 23 63 117 93 8 115 1
63099792300000 - 63 129
63099798600000 - 63 115
63099854100000 - 23 63
63099881820000 - 63 12
63100797480000 - 63 93
63100915260000 - 63 12
63100971240000 - 63 115
63100999800000 - 23 63
63101076960000 - 63 93
63101077920000 - 63 140
63101323740000 - 63 12
63101331180000 - 63 12
63101430000000 - 63 12
63101438700000 - 63 12
63101510460000 - 63 111
63101576220000 - 23 63
63102006720000 - 63 140
63102007440000 - 63 115
63102007860000 - 63 117
63102033540000 - 43 63
63102036720000 - 63 93
63102101040000 - 23 63
63102459600000 - 63 85
63102462900000 - 23 63
63102533460000 - 63 95
63102536640000 - 63 118 12 57
63102537720000 - 63 2
63103867260000 - 23 63
63103868580000 - 63 12
63103869060000 - 63 56
63103870440000 - 63 1
63103872180000 - 63 115
63103909140000 - 63 1
63103994460000 - 63 129
63103995060000 - 23 63
63104087760000 - 63 147
63104088300000 - 63 12
63104433240000 - 63 12
63104618640000 - 63 61
63104686140000 - 63 41
63104906820000 - 63 93
63105043440000 - 63 12
63105561180000 - 63 2
63105728880000 - 23 63
63105821640000 - 63 93
63105916560000 - 63 140
63106267500000 - 63 12
63106718460000 - 63 2
63107322120000 - 63 125
63107537400000 - 63 115
63107537580000 - 63 148
63107645160000 - 63 2
63107645280000 - 23 63
63107978580000 - 85 63 2 117 93 8 1
63108077160000 - 63 93
63108329880000 - 63 125
63108331080000 - 63 93
63108664980000 - 23 63
63108746940000 - 23 63
63108748080000 - 63 1
63108780180000 - 63 93
63108791280000 - 63 1
63108823380000 - 63 93
63109215720000 - 63 85
63109258920000 - 63 85
63109831380000 - 23 63
63110013060000 - 63 147
63110233740000 - 23 63
63110235300000 - 63 79
63110235660000 - 63 2
63110278500000 - 63 79
63110278860000 - 63 2
63110655720000 - 63 2
63110698920000 - 63 2
63110865960000 - 63 136
63110866080000 - 63 93
63110909280000 - 63 93
63110955300000 - 63 2
63110994000000 - 63 2
63110998500000 - 63 2
63111003300000 - 63 136
63111037200000 - 63 2
63111060000000 - 2 21 85 128 9 129 8 51 74 79 111 63 14 93 41 1
63111173040000 - 23 63
63111180840000 - 63 64
63111187080000 - 63 147
63111224040000 - 63 64
63111230280000 - 63 147
63111291840000 - 63 136
63111433620000 - 63 140
63111434580000 - 63 116
63111435300000 - 63 147
63111436620000 - 63 93
63111440040000 - 63
63111464220000 - 63 2
63111476820000 - 63 140
63111477780000 - 63 116
63111478500000 - 63 147
63111479820000 - 63 93
63111483240000 - 63
63111507420000 - 63 2
63111549660000 - 63 2
63111592860000 - 63 2
63111632340000 - 63 2
63111632400000 - 63 2
63111675540000 - 63 2
63111675600000 - 63 2
63111697620000 - 63 12
63111740820000 - 63 12
63112125480000 - 63 2
63112130100000 - 23 63
63112131600000 - 63 56
63112168680000 - 63 2
63112174800000 - 63 56
63112204020000 - 63 93
63112207440000 - 23 63 140 93
63112247220000 - 63 93
63112250640000 - 63 140 93
63112393740000 - 63 147
63112394400000 - 23 63
63112395060000 - 63 147
63112436940000 - 63 147
63112438260000 - 63 147
63112477560000 - 23 63
63112555500000 - 63 12
63112598700000 - 63 12
63112731720000 - 23 63 140
63112732020000 - 63 2
63112750440000 - 63 93
63112757340000 - 43 63
63112762920000 - 63 2
63112774920000 - 63 140
63112775220000 - 63 2
63112793640000 - 63 93
63112800540000 - 43 63
63112806120000 - 63 2
63112808520000 - 63 117
63112851720000 - 63 117
63112905780000 - 23 63
63112977420000 - 23 63
63112977900000 - 43 63
63112978380000 - 23 63 43
63112991340000 - 63 12
63113021100000 - 43 63
63113021580000 - 43 63
63113034540000 - 63 12
63113251860000 - 63 2
63113295060000 - 63 2
63113330700000 - 63 2
63113332200000 - 63 2
63113373900000 - 63 2
63113375400000 - 63 2
63113499840000 - 63 12
63113543040000 - 63 12
63113585700000 - 63 2
63113606220000 - 63 93
63113606280000 - 63 93
63113628900000 - 63 2
63113649420000 - 63 93
63113649480000 - 63 93
63113672520000 - 63 12
63113690760000 - 63 140
63113715720000 - 63 12
63113733960000 - 63 140
63113776620000 - 63 140
63113819820000 - 63 140
63113849340000 - 63 2
63113892540000 - 63 2
63113942580000 - 63 2
63113985780000 - 63 2
63114103500000 - 63 2
63114109800000 - 23 63
63114133080000 - 23 63
63114146700000 - 63 2
63114280980000 - 63 28
63114324180000 - 63 28
63114330900000 - 63 28
63114331980000 - 63 140
63114374100000 - 63 28
63114375180000 - 63 140
63114454380000 - 63 2
63114502200000 - 63 2
63114545400000 - 63 2
63114709500000 - 63 12
63114752700000 - 63 12
63115191000000 - 23 63
63115280040000 - 63 93
63115311960000 - 63 2
63115312020000 - 63 93
63115323240000 - 63 93
63115355160000 - 63 2
63115355220000 - 63 93
63115423560000 - 63 111
63115466760000 - 63 111
63115792680000 - 63 1
63115835880000 - 63 1
63115883700000 - 23 63
63139528502000 - 63 2
63140007142000 - 63 2
63140075254000 - 63 2
63141027765000 - 63 52
63141028690000 - 63 52
63141283575000 - 63 41 85
63141455423000 - 63 140
63141545327000 - 63 140
63141599294000 - 63 136
63141600829000 - 63 52
63141864315000 - 63 2
63141961602000 - 63 116
63141979532000 - 63 79
63142032890000 - 63 140
63142043020000 - 63 130
63142503032000 - 63 2
63142559012000 - 63 64
63142564438000 - 63 61
63142567297000 - 63 12
63142588571000 - 63 140
63134274265000 - 148 77 98 101 140 80 107 2 21 91 46 85 136 7 102 147 130 64 65 59 8 142 24 145 61 3 95 38 127 23 63 120 97 76 41 12 52
63134341709000 - 116 64 8
63134454484000 - 77 140 46 64 8 24 116 61 23 63 76 52 12
63135925687000 - 64 15
63096072600000 - 65 1
63096591660000 - 98 65
63096664740000 - 98 65
63096834900000 - 98 65
63096836820000 - 133 29 122 65 62 97 41 1
63096837120000 - 98 65
63098059380000 - 65 6
63098495940000 - 98 65
63098498700000 - 65 1
63098569680000 - 65 97
63099103260000 - 65 6
63099240960000 - 65 70
63099600060000 - 4 98 65
63099686340000 - 65 70 6
63099773640000 - 29 65 62 97 6
63100221420000 - 71 65 97
63100282740000 - 65 6
63100311900000 - 71 65
63100377540000 - 65 6
63100721820000 - 98 65
63100736160000 - 65 97
63100748340000 - 71 65
63100798320000 - 71 65
63101332680000 - 65 6
63101343060000 - 65 6
63101343960000 - 65 70
63101345580000 - 65 70
63101347020000 - 65 6
63101347140000 - 65 70
63101351400000 - 65 70
63101671500000 - 65 97
63101925300000 - 65 6
63101926200000 - 65 70
63101930520000 - 65 97
63101932560000 - 65 70
63101937600000 - 65
63102039540000 - 65 62 97 70 6
63102181680000 - 65 70
63102278700000 - 65 6
63102538260000 - 65 6
63102697920000 - 71 65 62
63102887100000 - 71 65 62 97
63103141980000 - 65 70 6
63103142940000 - 65 70
63103839480000 - 71 65
63103848840000 - 71 65
63103855080000 - 65 6
63103922460000 - 65 6
63103996560000 - 65 41
63104007360000 - 65 6
63104091420000 - 65 70
63104344440000 - 65 97
63104428440000 - 65 41
63104462580000 - 65 62
63104517480000 - 65 6
63104533080000 - 98 65
63104631660000 - 65 62 97 6
63104955840000 - 65 97
63104969640000 - 65 6
63104979120000 - 98 65
63105214560000 - 65 97
63105743700000 - 71 29 122 65 62 97 6
63106167240000 - 65 6
63106855320000 - 65 6
63106858920000 - 4 65
63107035560000 - 65 1
63107045820000 - 65 6
63107052900000 - 65 6
63107374440000 - 65 97
63107474100000 - 71 65
63107478000000 - 71 65
63107549580000 - 65 97
63107980680000 - 71 65 62 97 70 6
63108070320000 - 65 97
63109284000000 - 98 65
63109286280000 - 98 65
63109287300000 - 98 65
63109299660000 - 65
63109795740000 - 98 65
63109804680000 - 71 65 97 70 6
63109805940000 - 65 41
63109808820000 - 145 65
63109886580000 - 65 62
63109886700000 - 65 62
63109897140000 - 65 62 70 97 6
63110055240000 - 112 65 6
63111103740000 - 65 6
63111107760000 - 65 97
63111888300000 - 65 6
63112915620000 - 65 97
63112983240000 - 65
63113010060000 - 65 6
63113012340000 - 98 65
63114204060000 - 65 6
63114209280000 - 65 6
63114222060000 - 65 6
63114287040000 - 65 6
63114652620000 - 71 112 65 62 97 6
63114908160000 - 71 65 6
63114991260000 - 65 1
63115322400000 - 65 70
63115340820000 - 71 112 65 62 97
63115351740000 - 65 41
63115598400000 - 65 41 1
63116104620000 - 65 97
63116104860000 - 29 65
63116469540000 - 71 65
63116543040000 - 65 70
63116543820000 - 65 70
63117316020000 - 65
63117319980000 - 65 6
63117320400000 - 65 6
63117660180000 - 112 65 6
63117744000000 - 65 6
63117744120000 - 112 65 6
63117752880000 - 65 97
63117753060000 - 65 97
63117759540000 - 112 65 6
63118441920000 - 98 65
63118442940000 - 98 65
63118453680000 - 65 6
63118543740000 - 65 97
63118624260000 - 71 133 29 122 65 62 107 51 41 1
63118965000000 - 120 65
63119048700000 - 71 65
63119060640000 - 112 65 6
63119061900000 - 112 65 6
63119123460000 - 112 65 6
63119127720000 - 65 6
63119138400000 - 71 65
63119149320000 - 71 65
63119661960000 - 65 6
63120756000000 - 122 62 107 133 29 65 51 6 120 112 41 1
63120777420000 - 65 6
63120851220000 - 65 97
63121281000000 - 65 70
63121463820000 - 65 97
63121464000000 - 122 65
63121479840000 - 122 65 97
63121544100000 - 65 6
63121968000000 - 65 41
63121968060000 - 65 41
63121986480000 - 71 65
63122050800000 - 65 41
63122051100000 - 65 70
63122163240000 - 65 97
63122500260000 - 71 65
63122513460000 - 65 6
63122591040000 - 71 65 97 6
63122742360000 - 65 41
63122742420000 - 65 41
63122752260000 - 122 65
63122753820000 - 65 6
63122772360000 - 65 6
63123095640000 - 65 97
63123097140000 - 112 65
63123131640000 - 65 97
63123133140000 - 112 65
63123199080000 - 120 65
63123235080000 - 120 65
63123788820000 - 71 112 65 62 97 6
63123824820000 - 71 112 65 62 97 6
63124051740000 - 65 6
63124054320000 - 65 6
63124058340000 - 65 97
63124087740000 - 65 6
63124090320000 - 65 6
63124094340000 - 65 97
63124488180000 - 65 97
63124524180000 - 65 97
63124663740000 - 112 65
63124668600000 - 112 65
63124699740000 - 112 65
63124704600000 - 112 65
63124937280000 - 65 97
63124973280000 - 65 97
63124997880000 - 29 65
63125007360000 - 65 41
63125033880000 - 29 65
63125043360000 - 65 41
63125530560000 - 65 41
63125530860000 - 65
63125566560000 - 65 41
63125566860000 - 65
63125645749000 - 65
63125812403000 - 65 62
63125885045000 - 65 6
63126406654000 - 65 6
63126838096000 - 65 97 6
63137377917000 - 28 65
63137386775000 - 65 41
63137799823000 - 28 65
63138927356000 - 65 84
63139009469000 - 65 41
63139021905000 - 65 6
63139448907000 - 65 41
63139557126000 - 65 41
63140139960000 - 65 41
63140237197000 - 65 6
63140401845000 - 65 6
63140402157000 - 65 6
63140402536000 - 65 6
63140824850000 - 65 59
63140825731000 - 65 59
63140920875000 - 65 6
63140925688000 - 65 6
63140936317000 - 65 41
63141344143000 - 65 6
63141544983000 - 65 62
63141967592000 - 145 65
63142584158000 - 145 65
63142584891000 - 65 6
63096668760000 - 66 65
63115588740000 - 66 117
63097433820000 - 68 53
63099616980000 - 68 53
63100391220000 - 68 53
63100391400000 - 68 27
63100399380000 - 68 53 45
63101321520000 - 68 17
63101500740000 - 68 53
63101507880000 - 68 53
63102201540000 - 68 53
63102800700000 - 68 53
63104110680000 - 68 53
63104544480000 - 68 53
63105123540000 - 68
63107106360000 - 68 112
63108322440000 - 68 53 27 45
63108595560000 - 68 138
63108951180000 - 68 53
63109290480000 - 68 27
63109382460000 - 68 53
63109459380000 - 68 53
63109983720000 - 68 27
63110072880000 - 68 53
63110393400000 - 68 53 27 45
63110576640000 - 68 45
63111092040000 - 68 53
63111349320000 - 68 53
63111621060000 - 68 53
63111946800000 - 68 53
63113010360000 - 68 53
63115596660000 - 68 53 27 45
63115919820000 - 68 45
63116190900000 - 68 53 27 45
63116795100000 - 68 53 27 45
63140068360000 - 68 146 27 138 45
63143853372000 - 68 17 45
63143856970000 - 68 17
63143860521000 - 68 17 45
63143947029000 - 68 146 138 45
63144041871000 - 68 146 27 138 45
63144047348000 - 68 138
63144636470000 - 68 36
63144638574000 - 68 146 27 138 45
63144640357000 - 68 27 138
63145235329000 - 68 146 27 138 45
63145236063000 - 68 138
63145845763000 - 68 146 27 138 45
63146102724000 - 68 20
63146442639000 - 68 146 27 138 45
63146451727000 - 68 146 27 138 45
63147067370000 - 68 146 27 138 45
63147075156000 - 68 69 96
63147396039000 - 68 146 138
63147568924000 - 68 146 27 138 45
63148107916000 - 68 146
63148263441000 - 68 146 27 138 45
63148794551000 - 68 110
63148865176000 - 68 146 27 138 45
63149142107000 - 68
63149381440000 - 68 146 27 138 45
63150072559000 - 68 146 27 138 45
63150507410000 - 68 76
63150680529000 - 68 146 27 138 45
63150699035000 - 68 53
63151136239000 - 68 96
63151282728000 - 68 146 27 138 45
63151287648000 - 68 138
63151567170000 - 68 69 146 96 138
63151887228000 - 68 146 27 138 45
63151903883000 - 68 110
63152336239000 - 68 146
63152493768000 - 68 146 27 138 45
63152498179000 - 68 110
63152767085000 - 68 17
63137373959000 - 69 45
63138247278000 - 69 17
63138407626000 - 69 33
63139443914000 - 13 69 138
63143764419000 - 69 17
63146454507000 - 69 36 96 138
63146876331000 - 69 96 45
63146880859000 - 69 17
63146891879000 - 69 17
63147057710000 - 69 138
63147067218000 - 68 69 96 138 45
63147313890000 - 68 69 96
63147566753000 - 69 36 138
63148793057000 - 69 146 27 36
63149121682000 - 69 96
63149148991000 - 69 146 27 36
63151801557000 - 69 17
63152337760000 - 69 27 110 96 138 45
63152771229000 - 69 96
63093827580000 - 59 70
63094760400000 - 128 70
63094935000000 - 128 70
63096599160000 - 59 70
63097258980000 - 65 70 6
63098034000000 - 70 6
63098059380000 - 70 6
63098476500000 - 70 6
63098910060000 - 128 70
63098999100000 - 128 70
63098999280000 - 70 6
63099094980000 - 128 70
63099266580000 - 70 6
63099266760000 - 59 70
63100908660000 - 128 70
63102797280000 - 65 70
63102797640000 - 66 70
63102898680000 - 59 70
63103309320000 - 59 70
63105655080000 - 70 6
63106520520000 - 70 39
63106868220000 - 70 39
63107369640000 - 70 6
63107370180000 - 70 6
63107370240000 - 70 39
63107462460000 - 70 6
63107743920000 - 59 70
63107998560000 - 66 70
63108075120000 - 59 70
63108081360000 - 70 6
63108234720000 - 70 6
63108317100000 - 145 59 70 39
63108595680000 - 70 39
63108663060000 - 70 6
63108663360000 - 65 70 6
63108664080000 - 70 6
63108682860000 - 65 70 6
63108750960000 - 59 70 39
63109461480000 - 59 70
63109794120000 - 70 6
63109809960000 - 145 70 39
63109966560000 - 145 70 39
63110069340000 - 101 70
63111092340000 - 70 39
63111110400000 - 59 70
63111170820000 - 70 39
63111275640000 - 70 39
63111603300000 - 70 39
63111965580000 - 59 70
63114406500000 - 128 103 143 70
63115322640000 - 65 70
63115438080000 - 70 6
63116103660000 - 59 70
63116119320000 - 107 70
63116466600000 - 59 70 39
63116470500000 - 59 70
63116471940000 - 70 6
63116543100000 - 65 70 6
63116543400000 - 65 70
63116545800000 - 65 70
63116547120000 - 70 6
63116548320000 - 70 6
63116555580000 - 70 6
63117827940000 - 59 70 39
63117829080000 - 59 70 39
63118428240000 - 145 70 39
63118443780000 - 145 70
63118860780000 - 145 70 39
63118887840000 - 59 70
63119741220000 - 145 70
63120071400000 - 80 145 19 65 59 70 6
63120071580000 - 70
63120685320000 - 133 80 145 65 62 70 6
63120688560000 - 145 65 70 6
63121027020000 - 70 39
63121280700000 - 133 80 145 65 62 70 6
63121285200000 - 70 6
63121391100000 - 65 70 6
63121563360000 - 83 70
63121641600000 - 70 39
63122002440000 - 133 80 145 65 62 70 6
63122076420000 - 65 70 6
63122148360000 - 70 39
63122159700000 - 145 70
63122751480000 - 65 70 39 6
63123179460000 - 70 39
63114053280000 - 2 72
63126143069000 - 75 72
63139018425000 - 2 72
63141867233000 - 40 72
63096601560000 - 108 73
63097459320000 - 108 73
63098659980000 - 108 73
63100465320000 - 108 73
63102719220000 - 108 73
63102883140000 - 108 73
63103251600000 - 108 73
63103259340000 - 114 73
63103308540000 - 114 73
63104719320000 - 73
63105037920000 - 114 73
63105157860000 - 73
63105583620000 - 43 73
63105642720000 - 87 73
63105673860000 - 43 73
63106418820000 - 15 73
63106870740000 - 104 73
63107368860000 - 108 73
63109455300000 - 108 73
63109552020000 - 132 73
63109556460000 - 132 73
63111346860000 - 15 73
63112477920000 - 108 73
63112479120000 - 73
63114214380000 - 43 73
63114641400000 - 104 73
63115143180000 - 104 73
63116988840000 - 108 73
63117326580000 - 73
63117763380000 - 55 73
63119643960000 - 125 73
63120275760000 - 73
63122078700000 - 73
63122170440000 - 144 73
63122575020000 - 144 73
63122604900000 - 144 73
63123125400000 - 73
63123711960000 - 144 73
63123730860000 - 144 73
63123906120000 - 25 104 73
63123926520000 - 104 73
63123984840000 - 144 73
63123992580000 - 144 73
63124037520000 - 144 73
63124045020000 - 144 73
63124045800000 - 104 73
63124067640000 - 144 73
63124070400000 - 144 73
63124231860000 - 73
63124338960000 - 144 73
63124399980000 - 144 73
63124400880000 - 144 73
63124478640000 - 73
63124996020000 - 104 73
63125005200000 - 104 73
63125272380000 - 104 73
63125526600000 - 104 73
63125598780000 - 25 73
63125599020000 - 25 73
63125607540000 - 104 73
63125608620000 - 73
63125689260000 - 104 73
63126121200000 - 144 73
63126136200000 - 90 73
63126221940000 - 144 73
63126230520000 - 104 73
63126387240000 - 73
63127074840000 - 104 73
63127406880000 - 104 73
63139468833000 - 104 73
63140128279000 - 104 73
63141870251000 - 104 73
63141883254000 - 104 73
63141893014000 - 104 73
63141895588000 - 104 73
63142489613000 - 73
63142756008000 - 90 73
63142907789000 - 86 73
63143944997000 - 33 73
63144558217000 - 104 73
63119879700000 - 63 74
63119880540000 - 63 74
63120825600000 - 74
63120826020000 - 74
63120826080000 - 74
63120826140000 - 74
63120826200000 - 74
63120826260000 - 74
63120826320000 - 74
63104628900000 - 75 58
63116808180000 - 75 80 112 8
63117060300000 - 75 129
63117926160000 - 85 63 75 2 117 61 58 112 8 1
63117929640000 - 75 2 40 72
63119475300000 - 75 41
63122585940000 - 75 40
63125261940000 - 75 72
63125297940000 - 75 72
63125611440000 - 75 40
63125647440000 - 75 40
63140317021000 - 75 147
63142489710000 - 75 147 40 72
63143082576000 - 75 95
63136611049000 - 76 45
63136690657000 - 76 46
63137037764000 - 76 46 45
63137106687000 - 76 33 45
63137107350000 - 76 33 45
63137125856000 - 76 52
63137282661000 - 76 52
63137386532000 - 76 52
63137645669000 - 76 52
63138327801000 - 76 52
63138327870000 - 76 45
63138413825000 - 76 46
63138422685000 - 17 76
63138432444000 - 17 76
63138922374000 - 76 46
63139094824000 - 76 46
63139703437000 - 76 33 45
63140398014000 - 17 76
63140832274000 - 76 52
63141019348000 - 17 76
63141028536000 - 76 46
63141361761000 - 76 46
63141448246000 - 76 52
63141613689000 - 76 52
63141874857000 - 76 52
63142736979000 - 76 33
63143070708000 - 76 52 33
63143163859000 - 76 52
63143357817000 - 76 52
63143361708000 - 76 46
63143363532000 - 76 46
63143423703000 - 64 76
63143852234000 - 76 46
63143854272000 - 76 33
63143872749000 - 76 46
63143877932000 - 76 46
63144483723000 - 76 45
63144553327000 - 76 45
63145489242000 - 76 46
63145489826000 - 76 45
63095646180000 - 77 3 61
63097944360000 - 77 140
63098666640000 - 77 140 3 61
63098669880000 - 77 140
63099024060000 - 77 3 61
63099591660000 - 77 140
63100023960000 - 77 140
63100367880000 - 77 61
63100449900000 - 77 140
63100453020000 - 77 61
63100747560000 - 77 140
63100888260000 - 77 61
63100899780000 - 77 61
63101312880000 - 77 61
63101315100000 - 77 115
63101342160000 - 77 61
63101343180000 - 77 115
63101601420000 - 77 115
63102095340000 - 77 8
63102113400000 - 23 77 115
63102182160000 - 77 115
63102603600000 - 77 115
63103166520000 - 77 115
63103168020000 - 77 115
63104005080000 - 77 115
63104341380000 - 77 115
63104376780000 - 77 147
63105582900000 - 77 115
63105585060000 - 77 115
63106191900000 - 77 115
63106244520000 - 77 8
63106244640000 - 77 115
63107547000000 - 77 115
63108102600000 - 77 115
63108102720000 - 77 115
63108102780000 - 77 115
63108170040000 - 77 115
63108170400000 - 77 115
63108240900000 - 43 77
63108615360000 - 77 115
63108615840000 - 77 115
63108631680000 - 77 115
63108635520000 - 77 61
63109547940000 - 23 63 77
63109877100000 - 77 115
63109891800000 - 77 56 8 115
63110070480000 - 77 115
63111234720000 - 77 115
63111379860000 - 77 115
63111637980000 - 77 115
63111893280000 - 77
63111893940000 - 77 118
63111952740000 - 23 63 77 140 61 115
63111954060000 - 77 12 57
63111954300000 - 77 57
63112059660000 - 77 115
63112499640000 - 77 115
63112503360000 - 77 115
63112903620000 - 77 115
63112903800000 - 77 115
63112908060000 - 77 115
63113702880000 - 77 115
63113773920000 - 77 115
63114641700000 - 77 115
63115522800000 - 77 115
63115600080000 - 77 115
63115950300000 - 77 115
63116475840000 - 77 115
63116520840000 - 77 115
63116623200000 - 77 115
63117050340000 - 77 140
63117143520000 - 77 115
63117144240000 - 77 115
63117229080000 - 77 115
63117231720000 - 77 115
63117243300000 - 77 115
63117303540000 - 77 76
63117404460000 - 77 115
63117655560000 - 77 115
63117847140000 - 77 115
63118437480000 - 77 115
63118610880000 - 77
63121916820000 - 77 115
63122495220000 - 77 61
63122598120000 - 77 61
63122607600000 - 77 57
63122608200000 - 77 57
63122609280000 - 77 64
63122609820000 - 77 118
63123296400000 - 23 77 52
63123912960000 - 77 61
63123977460000 - 77 115
63124327440000 - 63 77
63124381620000 - 77 64
63124384200000 - 77 115
63124385880000 - 77 64
63124570500000 - 77 115
63124999560000 - 77 115
63125115900000 - 77 61
63125188800000 - 77
63126129300000 - 77 115
63126304080000 - 77 115
63126304260000 - 77 12
63126324960000 - 77 115
63126823140000 - 77 115
63140832968000 - 78 75
63128036317000 - 2 79
63129245281000 - 63 79
63131327591000 - 19 79
63132536561000 - 79 85
63133133902000 - 28 79
63133134288000 - 148 79
63133430026000 - 79 85
63134370796000 - 72 79
63134686488000 - 59 79
63134687485000 - 59 79
63135403909000 - 63 79
63136527781000 - 63 79
63137119203000 - 59 79
63137122886000 - 59 79
63137292383000 - 63 79
63137637229000 - 63 79
63137807944000 - 63 79
63137808924000 - 63 79
63137881657000 - 79 91
63137980938000 - 63 79
63138328332000 - 63 79
63138339848000 - 63 79
63138502098000 - 63 79
63138502659000 - 79 91
63139121235000 - 78 79
63139449620000 - 63 79
63139469100000 - 79 85
63139541970000 - 63 79
63139722552000 - 63 79
63140390729000 - 63 79
63140655303000 - 63 79
63140822187000 - 28 79
63140832163000 - 63 79
63140855084000 - 2 40 91 85 128 136 9 51 72 79 63 78
63141428533000 - 63 79
63141966483000 - 79 91
63141967011000 - 78 79
63141979443000 - 63 79
63142737121000 - 78 50 99 79 85
63143272459000 - 79 85
63144022194000 - 63 79
63145853337000 - 63 79
63146446948000 - 79 85
63147918558000 - 79 85
63148006471000 - 28 79
63148108043000 - 79 85
63149477007000 - 135 79
63149821933000 - 135 79
63149832456000 - 135 79
63098470740000 - 80 95
63103227960000 - 80 95
63105212820000 - 80 112
63106944000000 - 80 112
63107312040000 - 80 95
63107312580000 - 80 95
63108091140000 - 80 40
63108836700000 - 80 95
63108858480000 - 80 95
63109296300000 - 80 95
63109989480000 - 80 95
63110141820000 - 80 95
63110145540000 - 80 95
63111616800000 - 80 59
63111684600000 - 80 59
63112812840000 - 80 112
63112828080000 - 80 59
63115324440000 - 80 95
63115841880000 - 80 59 70 39
63116091300000 - 80 40
63116610360000 - 80 2
63116612940000 - 80 2
63116614560000 - 80 2
63116622360000 - 80 2
63116636760000 - 80 95
63116734260000 - 80 112
63117229260000 - 80 2
63117390120000 - 80 2
63117405360000 - 80 2
63117840840000 - 80 112
63117908640000 - 80 59
63117986940000 - 80 2 72
63118346880000 - 80 40
63118604160000 - 80 40
63118865340000 - 80 95
63118956660000 - 80 40
63121460040000 - 80 95
63123295020000 - 80 59
63124652580000 - 80 40 95
63138500426000 - 80 40
63139211183000 - 75 80 2 40 72 95
63139458131000 - 80 59
63139468913000 - 75 80 2 40 72 95
63139558965000 - 75 80 2 40 72 95
63139621943000 - 80 40
63139728563000 - 80 59
63139736346000 - 75 80 2 40 72 95
63139802805000 - 80 59
63140079831000 - 75 80 2 40 72 95
63140153005000 - 80 59
63140158633000 - 147 80
63140164372000 - 75 80 2 40 72 95
63140223503000 - 80 59
63140253242000 - 75 80 2 40 72 95
63140341079000 - 75 80 2 40 72 95
63140419011000 - 80 59
63140424720000 - 75 80 2 40 72 95
63140689381000 - 75 80 2 40 72 95
63140773054000 - 75 80 2 40 72 95
63140856079000 - 75 80 2 40 72 95
63140941824000 - 75 80 2 40 72 95
63140941898000 - 75 80 2 40 72 95
63140941934000 - 75 80 2 40 72 95
63141028733000 - 75 80 2 40 72 95
63141295004000 - 80 40
63141375861000 - 75 80 2 40 72 95
63141433152000 - 80 59
63141463685000 - 80 2
63141903296000 - 75 80 2 40 72 95
63141984507000 - 75 80 2 40 72 95
63142073258000 - 75 80 2 40 72 95
63142498380000 - 75 80 2 40 72 95
63143961898000 - 80 59
63148717611000 - 147 80
63122755860000 - 119 81
63147577667000 - 119 82
63148045737000 - 144 82
63148071174000 - 144 82
63148368728000 - 144 82
63098492160000 - 83 117
63100141020000 - 83 103
63107132700000 - 83 143
63109451820000 - 132 83
63109802640000 - 83
63110408640000 - 26 83
63110487600000 - 83 103
63112221660000 - 83 103
63114731520000 - 83 117
63114743400000 - 83 117
63116802120000 - 83
63118455180000 - 54 83
63118540500000 - 83 103
63121563960000 - 83 70
63121603560000 - 83 70
63096585660000 - 11 85
63096682980000 - 11 85
63097117500000 - 78 85
63098033340000 - 37 85
63098067780000 - 115 85
63098925540000 - 1 117 74 85
63099105120000 - 61 85
63100104060000 - 117 129 85
63100470960000 - 1 85
63100982220000 - 78 85
63101317860000 - 63 85
63101503440000 - 1 78 66 117 74 11 129 41 85
63101520660000 - 66 117 85
63101957580000 - 63 2 72 85
63102032520000 - 58 85
63102124080000 - 1 78 66 2 117 58 72 129 41 85
63102124140000 - 63 85
63102542880000 - 1 66 117 129 41 85
63102715620000 - 2 11 85 75 58 129 74 72 111 78 117 1
63102715920000 - 37 78 135 89 99 48 11 85
63102881160000 - 11 85
63103146240000 - 139 85
63103315500000 - 2 11 85 75 58 129 74 72 111 78 117 1
63104445300000 - 1 2 117 74 129 111 85
63104903700000 - 90 85
63105038640000 - 90 85
63105135960000 - 90 85
63105895560000 - 1 78 2 117 74 11 129 41 111 85
63106445340000 - 1 85
63106446180000 - 1 85
63106708620000 - 37 135 85
63107012940000 - 2 11 85 75 58 129 74 72 78 117 41 1
63107039340000 - 89 99 85
63107467920000 - 58 11 85
63107468040000 - 78 58 11 85
63107569920000 - 58 85
63108161760000 - 99 48 11 85
63108161940000 - 78 99 48 11 85
63108261060000 - 117 85
63108669720000 - 89 99 48 85
63109739520000 - 111 85
63109743600000 - 23 63 85
63110405340000 - 1 41 85
63111037260000 - 37 85
63112980000000 - 23 85
63115489440000 - 66 117 85
63115836300000 - 2 11 85 66 58 74 111 63 78 117 41 1
63115862100000 - 1 85
63115872900000 - 40 85
63115951260000 - 117 85
63117646740000 - 1 85
63117646800000 - 50 85
63117745380000 - 59 85
63117749640000 - 59 85
63118599660000 - 37 85
63118628040000 - 99 85
63119032740000 - 78 135 58 99 85
63119115780000 - 78 85
63119743860000 - 63 85
63119818920000 - 89 99 85
63119825220000 - 78 135 58 99 85
63120703560000 - 99 85
63121910160000 - 78 58 11 85
63121910220000 - 50 85
63122051400000 - 117 85
63122051520000 - 117 85
63122062500000 - 1 85
63123712740000 - 117 85
63123712860000 - 66 85
63123717060000 - 50 89 11 91 85 135 58 37 78 99 48
63123748740000 - 117 85
63123748860000 - 66 85
63123753060000 - 50 89 11 91 85 135 58 37 78 99 48
63123810480000 - 74 85
63123846480000 - 74 85
63123871740000 - 66 117 85
63123907740000 - 66 117 85
63124664220000 - 63 85
63124700220000 - 63 85
63125011440000 - 59 85
63125047440000 - 59 85
63125095440000 - 48 85
63125131440000 - 48 85
63138256667000 - 63 85
63138419143000 - 41 85
63138427340000 - 41 85
63140855337000 - 79 85
63141356104000 - 41 85
63141607764000 - 50 85
63142043503000 - 50 85
63142056357000 - 63 85
63145688832000 - 41 85
63145773083000 - 79 85
63145843185000 - 79 85
63146443150000 - 61 85
63146443436000 - 37 85
63146705100000 - 99 85
63147422504000 - 135 99 79 85
63147502776000 - 41 85
63147931813000 - 79 85
63148091640000 - 8 85
63148190287000 - 99 85
63148191727000 - 135 99 79 85
63148191938000 - 135 99 79 85
63148198943000 - 41 85
63148261280000 - 79 85
63148531940000 - 99 79 85
63148548518000 - 79 85
63065060400000 - 86 112
63065070960000 - 86
63065155200000 - 86 112
63065302860000 - 86 112
63065404440000 - 86 112
63066245220000 - 86 112
63066333000000 - 86 112
63066334260000 - 86 112
63066339600000 - 86 112
63069557640000 - 86 112
63072574440000 - 86 33
63073511760000 - 86 33
63074996460000 - 86 33
63075062460000 - 86 33
63075590160000 - 86 33
63075671640000 - 86 33
63080935920000 - 86 111
63080951580000 - 54 86
63081021360000 - 54 86
63081469800000 - 54 86
63082858680000 - 86 69
63083366400000 - 50 86
63084662880000 - 86
63084666660000 - 86 111
63086308860000 - 86 112
63086905560000 - 86 112 33
63086978940000 - 86 112
63089495220000 - 86 112
63089591340000 - 86 112
63089849100000 - 86 112
63090544320000 - 86 111
63090545640000 - 86 111
63091142160000 - 86 111
63092512020000 - 86 112
63092512680000 - 86 112
63092595540000 - 86 142
63093742500000 - 86 112
63093744300000 - 50 86
63094066800000 - 86 112
63095362680000 - 86 108
63095451000000 - 86 108
63095542200000 - 86 142
63096062820000 - 86 142
63097458360000 - 86 112
63097957860000 - 86 112
63102624540000 - 86 112
63103166940000 - 86 111
63103412400000 - 86 108
63103514340000 - 86 142
63104383020000 - 86 112
63105214680000 - 71 86 123
63105577500000 - 71 86
63105584160000 - 71 86
63106168680000 - 86 142
63107578080000 - 71 86 142
63107653380000 - 71 86 142
63107722440000 - 71 86 142
63107983560000 - 86 142
63108339120000 - 86 142
63108580620000 - 86 142
63108670260000 - 86 142
63108691920000 - 132 86
63108871320000 - 86 142
63108933660000 - 86 142
63109213140000 - 132 86
63109287540000 - 132 86
63109298400000 - 132 86
63109303560000 - 132 86
63109367400000 - 37 86
63109380660000 - 37 86
63109393260000 - 37 86
63109796520000 - 86 142
63109822980000 - 86 142
63109823760000 - 86 142
63110055240000 - 71 86
63111207300000 - 86 142
63111715920000 - 54 86
63111780780000 - 86 142
63112233840000 - 86 142
63112240620000 - 86 142
63112327500000 - 86
63112413420000 - 86 142
63112440720000 - 86 69
63112933020000 - 54 86
63112934460000 - 86 142
63113005980000 - 86 142
63113707800000 - 86 90
63116474940000 - 55 86
63117855960000 - 86 90
63117932340000 - 86 142
63118449780000 - 86 142
63118533180000 - 86 142
63118534920000 - 86 142
63118537080000 - 86 142
63118618920000 - 86 142
63118623060000 - 50 86
63118862820000 - 86 142
63118953060000 - 86 142
63119037060000 - 86 142
63119121360000 - 86 142
63119466000000 - 86 90
63119469540000 - 86 142
63119494440000 - 86 123 142
63119552700000 - 86 142
63119662920000 - 86 142
63119735880000 - 86 142
63119837100000 - 71 86
63119837220000 - 86 142
63120193200000 - 71 86 142
63120292800000 - 136 86 142
63120438060000 - 50 86
63120703500000 - 86 90
63120703620000 - 86 90
63120703680000 - 86 90
63120889080000 - 71 86 142
63121298280000 - 86 142
63121396020000 - 86 90
63121462500000 - 86 95
63121545540000 - 136 86
63121549080000 - 86 90
63121564020000 - 136 86
63121628820000 - 136 86
63121636140000 - 50 86
63121641600000 - 136 86
63121992240000 - 86 123 142
63122079780000 - 86 123 142
63122234880000 - 86 123 142
63122495940000 - 136 86
63122513220000 - 136 86
63122515740000 - 136 86
63122523120000 - 136 86
63122583240000 - 86 90
63122602740000 - 136 86
63122612640000 - 136 86
63122667600000 - 136 86
63122759820000 - 136 86
63122770980000 - 136 86
63123098460000 - 136 86
63123111540000 - 136 86
63123124980000 - 136 86
63123206040000 - 86 90
63123354120000 - 136 86
63123369960000 - 136 86
63123379500000 - 86 142
63123464280000 - 71 86
63123465060000 - 71 86
63123717960000 - 136 86
63123790380000 - 86 143
63123805140000 - 86 142
63123807720000 - 86 90
63123819300000 - 71 86
63123879480000 - 86 142
63123881700000 - 71 86
63124310880000 - 86 90
63124403400000 - 86 90
63124485240000 - 136 86
63125003220000 - 136 86
63125030220000 - 136 86
63125084220000 - 136 86
63125085120000 - 136 86
63125089860000 - 136 86
63125194140000 - 86 142
63125199360000 - 86 142
63125270040000 - 86 90
63125284200000 - 86 137
63125518500000 - 86 137
63125545200000 - 86 137
63125548800000 - 71 86 142
63125548920000 - 86 142
63125606040000 - 86 137
63125608740000 - 132 86 104
63125610360000 - 71 86 142
63125620320000 - 136 86 137
63125634060000 - 86 137
63125637600000 - 136 86
63125673600000 - 136 86
63125700960000 - 71 86
63125702340000 - 71 86 142
63125707740000 - 86 137
63125717940000 - 136 86
63125738340000 - 71 86 142
63125753940000 - 136 86
63125782020000 - 136 86
63125786700000 - 86 142
63125787600000 - 71 86 142
63125818020000 - 136 86
63125822700000 - 86 142
63125823600000 - 71 86 142
63125860680000 - 86 90
63125896680000 - 86 90
63126126180000 - 136 86 137
63126126420000 - 86 90
63126132420000 - 136 86
63126147720000 - 136 86
63126162180000 - 136 86 137
63126162420000 - 86 90
63126168420000 - 136 86
63126183720000 - 136 86
63126210180000 - 136 86 137
63126224100000 - 86 142
63126246180000 - 136 86 137
63126260100000 - 86 142
63126323460000 - 86 137
63126407880000 - 136 86
63126443880000 - 136 86
63126736200000 - 86 137
63126827640000 - 136 86
63126863640000 - 136 86
63126901380000 - 86 90
63126903840000 - 136 86
63126937380000 - 86 90
63126939840000 - 136 86
63127100880000 - 86 137
63128559998000 - 86
63128846114000 - 71 86
63129280039000 - 136 86
63130402037000 - 86 142
63131086105000 - 86 142
63131154151000 - 71 86
63131176925000 - 86 142
63131247524000 - 86 90
63131322778000 - 86 90
63131846069000 - 136 86
63132124676000 - 136 86
63132296439000 - 136 86
63132299532000 - 136 86
63132366298000 - 136 86
63132808119000 - 86 90
63133163601000 - 71 86
63133403301000 - 86 90
63133677230000 - 71 86
63134115968000 - 86
63135407523000 - 86 90
63135819179000 - 86 90
63136162876000 - 86 90
63136183807000 - 86 142
63137400037000 - 86 142
63137647040000 - 86 142
63137654896000 - 86 142
63137804604000 - 136 86
63137993044000 - 86 142
63137999919000 - 86 142
63138254141000 - 86 142
63138337952000 - 86 90
63138429719000 - 86 142
63138432848000 - 86 142
63138854504000 - 86 142
63138875059000 - 86 142
63138926520000 - 86 142
63138947139000 - 136 86 142
63139018697000 - 86 90
63139039269000 - 136 86
63139044389000 - 86 90
63139459938000 - 86 142
63139463700000 - 86 90
63139541879000 - 86 90
63140078198000 - 86 142
63141522796000 - 86 90
63142566062000 - 86 90
63142568277000 - 86 142
63142569632000 - 86 90
63142677489000 - 136 86
63143284878000 - 86 114
63143711848000 - 136 86
63143954107000 - 86 87
63125817821000 - 88 6
63125882147000 - 88 6
63127707879000 - 54 88
63139710772000 - 88 6
63140155032000 - 88 6
63141261714000 - 88 6
63149319579000 - 86 88
63149410163000 - 88 6
63149908464000 - 86 88
63151728137000 - 88 73
63151799083000 - 37 88
63153361167000 - 37 88
63153361298000 - 37 88
63153366301000 - 37 88
63153374415000 - 37 88
63156057133000 - 37 88
63106356600000 - 25 89
63106360080000 - 25 89
63106415820000 - 25 89
63116457540000 - 37 89
63090553200000 - 5 90
63091144560000 - 25 90
63091232760000 - 25 90
63091666200000 - 25 90
63091675200000 - 25 90
63091763580000 - 54 25 90
63091990380000 - 54 25 90
63092357760000 - 103 90
63092513820000 - 103 90
63092526660000 - 103 90
63093030000000 - 103 90
63093044760000 - 47 90
63093810240000 - 103 90
63093823620000 - 103 90
63094088100000 - 90
63094324920000 - 25 90
63094331700000 - 90
63094845480000 - 90
63094940880000 - 25 90
63094946400000 - 54 25 90
63095458740000 - 25 90
63095544420000 - 25 90
63095648040000 - 103 90
63095981040000 - 25 90
63095994240000 - 25 90
63096057960000 - 25 90
63096074700000 - 103 90
63096850980000 - 25 5 90
63097204200000 - 54 25 90
63097267980000 - 25 90
63097291560000 - 54 90
63097462500000 - 54 25 90
63097895040000 - 103 90
63097969560000 - 25 90
63097969680000 - 25 90
63098563440000 - 54 25 90
63098588040000 - 78 90
63099076560000 - 54 90
63099086040000 - 25 90
63099163560000 - 54 25 90
63099166020000 - 86 90
63099698940000 - 90
63099859860000 - 54 90
63100489320000 - 54 25 90
63101412060000 - 54 25 90
63101590860000 - 25 90
63101936760000 - 25 90
63102219900000 - 142 90
63102273780000 - 86 90
63102277140000 - 86 142 90
63102280200000 - 142 90
63102297000000 - 25 90
63102539760000 - 25 90
63102549840000 - 25 90
63102628320000 - 78 90
63102725520000 - 25 90
63102734760000 - 142 90
63103226280000 - 90 85
63104008080000 - 54 90
63104102520000 - 54 25 90
63104369760000 - 54 25 90
63104978460000 - 90 85
63105040140000 - 142 90
63105045180000 - 25 90
63105055500000 - 142 90
63105066780000 - 142 90
63105125520000 - 90 85
63105130740000 - 54 90
63105235680000 - 54 25 90
63105747360000 - 25 90
63105817500000 - 90
63105817920000 - 90
63105818100000 - 54 90
63105845220000 - 25 90
63105919560000 - 54 90
63106767360000 - 54 25 90
63108329880000 - 90
63108668160000 - 54 25 90
63108675000000 - 54 90
63108759720000 - 25 90
63109536720000 - 90
63109818120000 - 54 90
63110166600000 - 54 90
63111183900000 - 25 90
63111808200000 - 25 90
63112929540000 - 54 90
63113090100000 - 86 90
63114376620000 - 90
63114400860000 - 54 90
63114821400000 - 143 90
63114831300000 - 54 90
63114991680000 - 54 90
63115005600000 - 54 90
63116709060000 - 25 90
63116789160000 - 25 90
63116804280000 - 54 90
63117056400000 - 25 90
63117229080000 - 143 90
63117249780000 - 54 90
63117412140000 - 54 90
63117423420000 - 54 90
63117679500000 - 54 90
63117747240000 - 143 90
63117757980000 - 143 90
63117843300000 - 54 90
63117850860000 - 54 90
63117853560000 - 54 90
63117921000000 - 54 90
63118008300000 - 143 90
63118371480000 - 54 90
63118430520000 - 143 90
63118436460000 - 25 90
63118518240000 - 54 90
63118526160000 - 143 90
63118878540000 - 143 90
63119041080000 - 54 90
63119057400000 - 143 90
63119061840000 - 54 90
63119127180000 - 25 90
63119219520000 - 25 143 90
63119468280000 - 54 25 90
63119494680000 - 54 90
63119579880000 - 54 90
63119642400000 - 54 90
63119644920000 - 143 90
63119731860000 - 71 90
63119733000000 - 54 90
63119746860000 - 54 90
63119747640000 - 71 90
63119751900000 - 143 90
63120074940000 - 71 90
63120091860000 - 54 90
63120161940000 - 71 90
63120185760000 - 143 90
63120188400000 - 54 25 90
63120341700000 - 54 90
63120443520000 - 25 90
63120682260000 - 143 90
63120774780000 - 86 90
63120789240000 - 54 25 90
63120940140000 - 25 90
63120944460000 - 25 90
63120950460000 - 54 90
63121023840000 - 54 90
63121024920000 - 90
63121052400000 - 25 90
63121289400000 - 143 90
63121384680000 - 86 90
63121472940000 - 54 90
63121548660000 - 25 90
63121567260000 - 137 90
63121567380000 - 137 90
63121629240000 - 137 90
63121632000000 - 137 90
63121644240000 - 137 90
63121651440000 - 5 90
63121651740000 - 137 90
63121892880000 - 137 90
63121908240000 - 86 90
63121982160000 - 54 25 90
63122236560000 - 143 90
63122248920000 - 137 90
63122249220000 - 143 90
63122261760000 - 143 90
63122582640000 - 86 90
63122584200000 - 25 90
63122592840000 - 25 90
63122593560000 - 25 90
63122600940000 - 86 90
63122601000000 - 25 90
63123271740000 - 137 90
63123272100000 - 137 90
63123285180000 - 143 90
63123291240000 - 54 90
63123371400000 - 143 90
63123470520000 - 143 90
63123710760000 - 143 90
63123793920000 - 54 25 90
63123807000000 - 143 90
63123967920000 - 25 90
63124068180000 - 54 25 90
63124394520000 - 54 90
63125102340000 - 86 90
63125102460000 - 86 90
63125102760000 - 25 90
63125111520000 - 54 143 137 90
63125281020000 - 123 142 90
63125282460000 - 54 90
63125283840000 - 90 73
63125519160000 - 123 90
63125520960000 - 54 90
63125523840000 - 54 90
63125539260000 - 123 90
63125542740000 - 86 90
63125543940000 - 123 90
63125601480000 - 123 90
63125603100000 - 143 90
63125868480000 - 54 90
63125885940000 - 143 90
63125892300000 - 123 90
63126121800000 - 54 90
63126124860000 - 86 90
63126135960000 - 90 73
63126211140000 - 54 90
63126323940000 - 25 90
63126378180000 - 25 90
63126406680000 - 54 90
63126495900000 - 137 90
63127079280000 - 87 90
63127096980000 - 86 90
63127340340000 - 25 90
63127423380000 - 25 90
63127956420000 - 137 90
63131079713000 - 86 90
63131080497000 - 86 90
63131245841000 - 86 90
63131258630000 - 90
63131346939000 - 86 90
63132297730000 - 86 90
63132364542000 - 86 90
63132378511000 - 142 90
63132379535000 - 86 90
63132812512000 - 128 90
63132988542000 - 86 90
63133142500000 - 5 90
63133154041000 - 86 142 90
63133165513000 - 86 90
63133397588000 - 86 90
63133512064000 - 123 90
63133569037000 - 123 90
63133672765000 - 86 90
63133746691000 - 86 90
63134022252000 - 123 90
63134027195000 - 123 90
63134029442000 - 123 142 90
63134117940000 - 86 90
63134366689000 - 86 90
63134371127000 - 86 90
63134701132000 - 47 90
63135296470000 - 86 90
63135322862000 - 123 90
63135383115000 - 123 90
63135413428000 - 86 90
63135555630000 - 86 90
63136000986000 - 123 90
63136003084000 - 123 86 90
63136012243000 - 123 90
63136018315000 - 123 86 90
63136598406000 - 123 90
63136611100000 - 123 90
63137218099000 - 86 90
63137289915000 - 86 90
63138256633000 - 142 90
63138426681000 - 86 90
63139026342000 - 86 90
63139450640000 - 86 90
63139470520000 - 86 90
63139542534000 - 90
63140060257000 - 5 90
63140161452000 - 86 90
63140256741000 - 86 90
63140941115000 - 86 90
63141357173000 - 5 90
63141456666000 - 86 90
63141552438000 - 90
63140670385000 - 79 91
63142051565000 - 79 91
63142737477000 - 79 91
63143335083000 - 128 91
63144371898000 - 40 91
63147941489000 - 40 95 91
63149813725000 - 40 91
63127381080000 - 4 92
63112985400000 - 63 93
63123934860000 - 32 93
63124009320000 - 63 61 93
63124080540000 - 63 61 93
63124092480000 - 61 93
63124093080000 - 93 129
63124332840000 - 93 129 38
63124356780000 - 63 93
63124356960000 - 3 93
63124528620000 - 43 104 93
63124546740000 - 63 93
63124546920000 - 63 93
63124547040000 - 63 93
63124599120000 - 61 93
63124620180000 - 63 93
63124686180000 - 93 141
63124939560000 - 93 141
63124961100000 - 63 93
63125215560000 - 147 93
63125287020000 - 93 141
63125287920000 - 14 32 93
63125298960000 - 147 93
63125547540000 - 63 93
63125631600000 - 63 93
63125653260000 - 93 141
63125836860000 - 63 93
63125903400000 - 63 93
63126175740000 - 93 38
63126233520000 - 144 93
63126271320000 - 93 129 38
63112310460000 - 28 94
63124615080000 - 95
63125202240000 - 80 95
63125654640000 - 80 95
63126231385000 - 80 95
63126232270000 - 80 95
63126999255000 - 80 95
63130385367000 - 2 95
63130392437000 - 2 95
63130398416000 - 2 95
63130451392000 - 2 95
63130538930000 - 2 95
63130624883000 - 2 95
63130710490000 - 2 95
63131142442000 - 2 95
63131601952000 - 2 95
63131851186000 - 2 95
63131945895000 - 147 95
63131952173000 - 40 95
63132196075000 - 147 95
63133734404000 - 2 95
63136080374000 - 2 95
63138342179000 - 40 95
63138510057000 - 95
63140226096000 - 128 95
63140228057000 - 128 95
63140231232000 - 128 95
63140232490000 - 128 95
63140316580000 - 2 95
63140391295000 - 2 95
63140393342000 - 2 95
63140761848000 - 2 95
63140824871000 - 128 95
63140854309000 - 2 95
63140936158000 - 2 95
63141626088000 - 2 95
63142469366000 - 2 95
63142478520000 - 2 95
63144461798000 - 2 95
63146360815000 - 80 95
63146885940000 - 2 95
63148001213000 - 63 95
63148001605000 - 72 95
63139804996000 - 96
63139810772000 - 96
63139811532000 - 96
63140657040000 - 96 33
63140746274000 - 96 33
63140827618000 - 96 33
63141284731000 - 96 33
63141286407000 - 96 138 45
63141432062000 - 146 96
63141626683000 - 69 96 138 45
63141867581000 - 69 96 138 45
63141893382000 - 69 96 138 45
63141958194000 - 27 96
63141960324000 - 69 27 96 138 45
63141963214000 - 27 96
63141974398000 - 69 27 96 138 45
63141981125000 - 69 27 96 138 45
63142035157000 - 68 69 146 27 96 138
63142051376000 - 69 27 96 138 45
63142469513000 - 69 96
63142556821000 - 69 27 96 138 45
63142559481000 - 96 138
63142653926000 - 68 96
63142750080000 - 68 96 138
63143073324000 - 69 96
63143073452000 - 96 138
63143337728000 - 68 69 96 138 45
63143711136000 - 146 96
63143711412000 - 146 96
63143765473000 - 146 96
63143776634000 - 68 96
63143858745000 - 96 138
63144052929000 - 96
63145176559000 - 68 96 138
63145236824000 - 68 96 138
63145254550000 - 96 46 138
63145258249000 - 96 46 138
63145258817000 - 68 96 138
63137101237000 - 107 97
63137819099000 - 4 97
63137890310000 - 97 41
63138413257000 - 97 41
63138415532000 - 97 41
63138426973000 - 4 97
63139019687000 - 97 41
63139019856000 - 97 51
63139090749000 - 29 97
63139175588000 - 29 97
63139192927000 - 29 97
63139450340000 - 29 97
63141444032000 - 123 97
63141444246000 - 123 97
63141529070000 - 59 97
63142479106000 - 97 41
63142582425000 - 97 41
63124439760000 - 148 98
63124462440000 - 98 79
63143422176000 - 148 98
63106348500000 - 100 99
63106434720000 - 99 85
63107040060000 - 100 99
63107566140000 - 99 11
63108342120000 - 100 99
63108854400000 - 100 99
63109382280000 - 100 99
63111361620000 - 100 99
63111361680000 - 99 11
63111361860000 - 100 99
63111365640000 - 99 11
63112392060000 - 99 11
63112491540000 - 37 78 135 89 99 58 48 11
63114643800000 - 100 99
63114644340000 - 100 99
63115332600000 - 100 99
63117750180000 - 100 99
63117750300000 - 100 99
63117845880000 - 100 99
63117846660000 - 100 99
63117847560000 - 100 99
63118873440000 - 100 99
63120780960000 - 100 99
63121989780000 - 99 11
63121993380000 - 100 99
63121994040000 - 100 99
63122169180000 - 100 99
63122169360000 - 100 99
63124411200000 - 100 99
63124501920000 - 99 11
63124502820000 - 99 11
63124537920000 - 99 11
63124538820000 - 99 11
63125745300000 - 100 99
63138507752000 - 99 11
63138515820000 - 99 11
63138597500000 - 99 11
63139034969000 - 99 11
63140075750000 - 99 11
63146116574000 - 86 99
63146980223000 - 100 20
63146980442000 - 100 20
63098490540000 - 80 101 112 59 70 95 39
63101364000000 - 101 39
63109787940000 - 101 59
63110068320000 - 80 101 145 95 70
63110403420000 - 101 79
63111973860000 - 101 39
63115827060000 - 80 101 112
63117041400000 - 80 101
63117416280000 - 101 141
63117640980000 - 80 101 112
63117737400000 - 80 101
63117998760000 - 101 112
63117999900000 - 101 112
63118000800000 - 101 112
63118343160000 - 80 101 112
63093459300000 - 23 102
63095996040000 - 23 102
63096226380000 - 23 102
63099164760000 - 23 102
63099601080000 - 23 102
63099625500000 - 23 102
63099631860000 - 23 102
63100403040000 - 23 102
63102016620000 - 102 52
63102539880000 - 102 93
63136504637000 - 7 102
63136524083000 - 102 94
63137826643000 - 102 64
63139024280000 - 102 94
63139791932000 - 102 21
63140229805000 - 9 102 21
63140732010000 - 9 102
63142553759000 - 102 3
63142561590000 - 102 3
63142562895000 - 102 3
63142639573000 - 102 3
63142749241000 - 102 3
63143176480000 - 102 3
63150335300000 - 102
63150613168000 - 102 52
63092526240000 - 103 90
63093815700000 - 103 90
63094077240000 - 103 90
63095904480000 - 103 90
63097808220000 - 103 117
63104032920000 - 103 117
63109816920000 - 54 103
63110070300000 - 54 103
63111278100000 - 83 103
63120432660000 - 103 117
63127096879000 - 103 19
63061491840000 - 43 104
63062902320000 - 132 104
63065223540000 - 104 93
63067558200000 - 104 108
63068142540000 - 43 104
63068149260000 - 104 93
63068173560000 - 104 93
63069541260000 - 104 93
63070500780000 - 43 104
63070764240000 - 43 104 108
63072992640000 - 132 104
63073500240000 - 132 104
63074112420000 - 43 104
63074387700000 - 43 132 104
63077391900000 - 43 104
63078263160000 - 43 104
63079552140000 - 43 104
63079721400000 - 43 104 108
63080337600000 - 116 104
63080775060000 - 43 104 108
63080845080000 - 104 21
63081049800000 - 104 108
63081984300000 - 43 140 104 93 108
63082151940000 - 104 108
63082228260000 - 43 104
63082840680000 - 43 140 104 93 108 57
63083288880000 - 43 23 140 104 93 108 57
63083878140000 - 104 93
63084501300000 - 43 23 140 104 93 108 57
63084590220000 - 43 104 93 108 57
63087086160000 - 116 104 57
63087415860000 - 132 104
63087415980000 - 132 104
63087416820000 - 104 93
63089920980000 - 104
63090539340000 - 104 93
63095981040000 - 104 93
63098579940000 - 104 93
63099018060000 - 104 93
63099018660000 - 104 108
63099103800000 - 104 93 108
63099104520000 - 104 108
63099178860000 - 104 93
63099528600000 - 23 104
63101324820000 - 55 104
63101583480000 - 43 104 108
63104002260000 - 148 104 93
63104012220000 - 43 104
63104345100000 - 104 93
63105662700000 - 43 104
63105664140000 - 104 93
63105816540000 - 125 104
63107457600000 - 104 141
63108061020000 - 104 141
63108590520000 - 43 104
63108597840000 - 43 104
63108601500000 - 104 108
63108762840000 - 125 104
63111087960000 - 43 104
63111088380000 - 43 104
63111258180000 - 104
63111258300000 - 104
63111797820000 - 104 15
63111799980000 - 104 15
63112388100000 - 43 104
63112921260000 - 43 104
63113019180000 - 43 104
63113684340000 - 43 104
63115523640000 - 104 108
63116016420000 - 125 104
63117417300000 - 43 104 108
63118362060000 - 104 108
63118886700000 - 104 73
63119823540000 - 104 15
63120357840000 - 55 104
63120859080000 - 55 104
63121367700000 - 43 104
63121397280000 - 43 104
63121547760000 - 43 104
63121890360000 - 104 73
63121891800000 - 104 15
63121895520000 - 104 15
63122498460000 - 132 104
63122498640000 - 132 104
63122515860000 - 132 104
63122854800000 - 43 104
63123201360000 - 132 104 108
63125173200000 - 104 108
63125621940000 - 100 104
63125625780000 - 100 104
63125657940000 - 100 104
63125661780000 - 100 104
63126123600000 - 104 108
63126146820000 - 55 104
63126159600000 - 104 108
63126182820000 - 55 104
63126216420000 - 43 104
63126252420000 - 43 104
63127505820000 - 43 104
63127541820000 - 43 104
63128049645000 - 104
63130637213000 - 104 73
63130637745000 - 104 73
63133403343000 - 104 73
63134091702000 - 104
63135837103000 - 104
63137203808000 - 104 73
63137720841000 - 104 73
63138331844000 - 104 73
63141442027000 - 47 104
63141443560000 - 47 104
63141527486000 - 104 61
63141530575000 - 104 61
63141888063000 - 104 73
63145665436000 - 104 61
63145666537000 - 104 61
63141971882000 - 38 105
63146892536000 - 38 105
63148259927000 - 14 105
63122649480000 - 34 106
63124115580000 - 34 113 106
63124382640000 - 34 113 106
63124678632000 - 113 106
63128823078000 - 144 106
63129781144000 - 34 113 106
63133685652000 - 109 113 106
63137304851000 - 113 106
63139801491000 - 34 144 131 106
63146367412000 - 121 106
63146371849000 - 121 106
63124365360000 - 107 51 84
63124422060000 - 112 107
63124445760000 - 112 107
63124450080000 - 107 41
63124507620000 - 107 41
63124687200000 - 112 107
63124693320000 - 107 41
63124954920000 - 112 107
63125546100000 - 28 107
63125564220000 - 112 107
63126406951000 - 107 95
63126414567000 - 107 41
63126482282000 - 107 41
63126483717000 - 107 41
63127360202000 - 28 107
63127427633000 - 107 62
63138602128000 - 4 80 145 107 95 62 85 136 75 120 29 137 65 97 51 41 6 84
63065213880000 - 77 108
63067044180000 - 140 108
63067209300000 - 43 108
63072503940000 - 43 108
63077486280000 - 43 108
63078935640000 - 43 108
63079904640000 - 43 108
63080084700000 - 43 108
63082229100000 - 43 116 93 108 57
63082858740000 - 108
63082862940000 - 43 108
63082921920000 - 47 108
63082941480000 - 108
63083176140000 - 43 108
63083292420000 - 104 108
63083814600000 - 77 108
63084474060000 - 104 93 108
63084977940000 - 114 108
63084980400000 - 43 108
63085095060000 - 43 140 108
63085776780000 - 108 24
63086023140000 - 108
63087705420000 - 61 108
63088624320000 - 108
63089323500000 - 43 108
63092258760000 - 47 108
63092602380000 - 43 108
63094845240000 - 43 108 24
63095434740000 - 43 108
63095434920000 - 86 108
63096168840000 - 108 15
63096231120000 - 108 57
63097718940000 - 108
63098653260000 - 108
63099102360000 - 108 73
63099175080000 - 108
63099175140000 - 108
63099175200000 - 108
63099188220000 - 108 24
63099257220000 - 23 108
63100027440000 - 108 73
63100027620000 - 108
63101173260000 - 108
63101173680000 - 108
63102022500000 - 43 108
63102099420000 - 43 108
63102108540000 - 104 108
63102869340000 - 108 73
63103303560000 - 43 108 24
63103497180000 - 108
63103497360000 - 108
63103654620000 - 86 108
63104866920000 - 108
63104943840000 - 108 24
63105122640000 - 108 15
63105564300000 - 43 108
63105589260000 - 43 108
63105820080000 - 43 108
63106506960000 - 20 125 116 108 57 44
63106511880000 - 108
63106514940000 - 43 132 104 108
63106522680000 - 23 63 108
63106523580000 - 108
63106524360000 - 140 108
63106535160000 - 20 43 125 116 108 57 44
63106678740000 - 26 99 108
63106779720000 - 108 20
63106955760000 - 43 108
63107283600000 - 43 108
63107287200000 - 108 15
63107291700000 - 108 15
63107396700000 - 108 15
63107457300000 - 43 93 108
63107458140000 - 23 108
63107458260000 - 104 108
63107481600000 - 108 15
63107564160000 - 43 108
63107568120000 - 108 44
63108057600000 - 43 108
63108058560000 - 104 108
63108092040000 - 43 125 108 44 20
63108151560000 - 108 57
63108493380000 - 43 108 57
63108502740000 - 108
63108591120000 - 43 108
63109384140000 - 43 108
63109440120000 - 108 15
63109450740000 - 114 108
63109814520000 - 108 15
63109962180000 - 108 15
63110139540000 - 108 57
63110389860000 - 125 108
63110396160000 - 43 108
63110913600000 - 108
63111031320000 - 43 108
63111031500000 - 43 108
63111178860000 - 43 108
63111179580000 - 43 108
63111180300000 - 43 108
63111180480000 - 43 108
63111180660000 - 43 108
63111259500000 - 108
63111552780000 - 108 15
63112397820000 - 125 108 57
63112577580000 - 108 57
63113595720000 - 108 15
63113605680000 - 108
63113611380000 - 108
63113611800000 - 108
63113611920000 - 108
63113761500000 - 132 108
63114110400000 - 55 108
63114110460000 - 108 15
63114118980000 - 108
63114388740000 - 108 24
63114708240000 - 43 108 24
63114985320000 - 108 24
63114986280000 - 43 108 24
63115326900000 - 43 108
63115755720000 - 108
63115755780000 - 108
63116959140000 - 125 108 44
63116959560000 - 43 104 108
63116964060000 - 108
63116964120000 - 108
63116964240000 - 108
63116964600000 - 108 73
63117667140000 - 43 108
63119140740000 - 125 116 104 108
63119209740000 - 43 104 108
63119576100000 - 108
63119668860000 - 132 104 108
63119669220000 - 108 24
63119891640000 - 125 116 108
63120697140000 - 108 15
63121629780000 - 43 108
63121638120000 - 108 24
63121638180000 - 43 108
63123123540000 - 108 24
63123125520000 - 43 108
63123130140000 - 43 108
63124495560000 - 125 108
63124495980000 - 108 57
63124828800000 - 125 116 108 57 20
63124829100000 - 108 57
63124829160000 - 108
63124829700000 - 108 15
63125175480000 - 104 108
63126114900000 - 104 108
63126207900000 - 108 57
63126243900000 - 108 57
63126303060000 - 108 24
63126339060000 - 108 24
63126458880000 - 43 108 24
63126459840000 - 125 108
63126494880000 - 43 108 24
63126495840000 - 125 108
63127402860000 - 43 108
63127438860000 - 43 108
63127439400000 - 108 15
63138517339000 - 109 113
63139382149000 - 109 18
63139719139000 - 109 113
63140153839000 - 109 113
63140180465000 - 109 18
63140679038000 - 109 113
63140851684000 - 109 18
63140851925000 - 109 18
63141030947000 - 144 109 131
63141366273000 - 144 109
63141373295000 - 109 18
63141373912000 - 109 113
63141546357000 - 144 109
63141887948000 - 92 109
63141988840000 - 109 18
63141989110000 - 109 113
63142495553000 - 144 109 113 106
63143199945000 - 109 113
63143783175000 - 109 113
63144046646000 - 109 18
63144047824000 - 109 113
63145684060000 - 109 113
63147672534000 - 109 18
63147672913000 - 109 113
63147931428000 - 109 113
63148623497000 - 109 113
63148637427000 - 109 18
63148715037000 - 109 113
63126410820000 - 110
63126415020000 - 110
63126415080000 - 110
63126438120000 - 110
63126522180000 - 110
63126836880000 - 110
63126852360000 - 27 110
63126923640000 - 110
63126946500000 - 110
63127377960000 - 110
63127540920000 - 110
63127635720000 - 110
63128160420000 - 110
63128736381000 - 27 110 138 45
63129431717000 - 27 110
63129510973000 - 27 110
63129520543000 - 110 138
63131572189000 - 27 110 138 45
63134164017000 - 110 138
63134697156000 - 36 110 138
63134779633000 - 53 110
63134793392000 - 36 110 138
63134864840000 - 53 110
63134878823000 - 68 53 110
63135812010000 - 27 110 138
63136072747000 - 68 110
63136940614000 - 110 138 45
63137016000000 - 17 110
63137221695000 - 53 110
63137275217000 - 110 138
63138225589000 - 17 110
63138329520000 - 68 110
63138830911000 - 17 110
63139120176000 - 110 138
63139609075000 - 110 138
63140065723000 - 17 110
63143857108000 - 110
63143946258000 - 110 138
63144349173000 - 110 138
63147042048000 - 69 110 96 138
63147387492000 - 17 110
63147406507000 - 68 110
63150950308000 - 27 17 110
63151104122000 - 68 146 110 138
63151629530000 - 110 96
63152137870000 - 110 45
63152248063000 - 68 146 110 138
63152398276000 - 110 138
63152404380000 - 110 138
63152407635000 - 146 110
63120994140000 - 111
63120994200000 - 111
63120994260000 - 111
63120996360000 - 111
63120996420000 - 111
63120996480000 - 111
63120996540000 - 111
63120996600000 - 111
63122020980000 - 137 111
63122528160000 - 137 111
63122535240000 - 74 111 6
63123828100000 - 63 111
63139037309000 - 88 111 6
63139197764000 - 64 111
63140409890000 - 111 6
63141347668000 - 111
63141349845000 - 85 111 6
63141454506000 - 111 6
63141528406000 - 140 111
63141540676000 - 140 111
63141624921000 - 63 111
63081970020000 - 112 33
63081970080000 - 112 33
63082070220000 - 112 27
63082673640000 - 53 112
63082762020000 - 112 45
63082779180000 - 112 27
63083278440000 - 112 20
63083525940000 - 112 33
63083901120000 - 112 45
63084489840000 - 112 33
63084673020000 - 112 20
63085019760000 - 112 33
63085096620000 - 112 27
63085345680000 - 112 33
63085798020000 - 112 45
63086475960000 - 112 27
63086925540000 - 112 45
63086979120000 - 53 112 45
63087171000000 - 112 33
63087610980000 - 112 27
63088026180000 - 53 112 27 45
63088125060000 - 112 27
63088135500000 - 112 17
63088280580000 - 112 27
63088362600000 - 53 112 27
63089329620000 - 53 112 27
63089502600000 - 86 112
63089502780000 - 86 112
63089858160000 - 112 107
63089861640000 - 112 107
63089928420000 - 112 107
63090103080000 - 112 65 6
63090104040000 - 112 65
63090108720000 - 112 65 6
63090183300000 - 112 107
63090456480000 - 112 45
63090549480000 - 112 20
63090970260000 - 112 17
63091070040000 - 112 33
63091306140000 - 112 107
63091330140000 - 112 110
63091739280000 - 112 107
63092871540000 - 112 33
63093834660000 - 112 17
63094081800000 - 53 112 45
63094153800000 - 112
63094178700000 - 53 112 45
63094245480000 - 53 112 17 45
63094430820000 - 112 45
63095030880000 - 112 17
63097108680000 - 112 107
63097268400000 - 53 112
63097274460000 - 53 112 17 45
63097875660000 - 53 112 17 45
63098929620000 - 112 45
63099098340000 - 53 112 17 45
63099526800000 - 112 33
63100291080000 - 68 53 112
63100821180000 - 112 17
63101440860000 - 112 45
63101613120000 - 68 53 112 27 45
63101686320000 - 112 17
63102194820000 - 112 17 45
63102210240000 - 68 112
63102792000000 - 112 17
63102794160000 - 112 33
63103136580000 - 112 95
63103149780000 - 80 112 95
63103150500000 - 112 107
63103253220000 - 112 45
63103325640000 - 112 107
63103337160000 - 112 107
63103399200000 - 112 107
63103478940000 - 112 107
63103501440000 - 68 112 27 76
63104095740000 - 112 107
63104366700000 - 112 107
63104368260000 - 112 107
63104430300000 - 86 112
63104437500000 - 112 107
63104519640000 - 112 107
63104608380000 - 112 107
63104962740000 - 112 107
63104974320000 - 112 107
63104976120000 - 112 107
63105045600000 - 53 112
63105049680000 - 112 107
63105059580000 - 112 107
63105131280000 - 112 76 45
63105239040000 - 68 53 112 27 45
63105317100000 - 112 27
63105321360000 - 112 107
63105567360000 - 112 107
63105642960000 - 112 107
63105672480000 - 112
63105736740000 - 112 107
63105818040000 - 112 107
63106350780000 - 112 107
63106368540000 - 112 95
63106438560000 - 20 53 112 27 45
63106440000000 - 112 33
63106773360000 - 112 17
63106774680000 - 112 17
63107034900000 - 112 17 45
63107107560000 - 112 107
63107134320000 - 112 107
63107369400000 - 112
63107466600000 - 112 95
63107630100000 - 112 107
63107745180000 - 112 95
63108076500000 - 112
63108160560000 - 112 107
63108252300000 - 112 95
63108335880000 - 112 107
63108337020000 - 112 107
63108579480000 - 112 107
63108662820000 - 112 107
63108768000000 - 112 107
63108844140000 - 112 95
63108845820000 - 112 45
63108851100000 - 112 95
63108862620000 - 112 107
63108933600000 - 112 17
63108945120000 - 112 17
63108946560000 - 112 33
63108948120000 - 75 112
63108948480000 - 112 95
63109202340000 - 112 107
63109208400000 - 53 112
63109214820000 - 112 17
63109268580000 - 112 107
63109299420000 - 68 53 112 45
63109930080000 - 112 95
63109982820000 - 112 45
63110392500000 - 112 33
63110486520000 - 68 53 112 27 76 45
63110574420000 - 112 33
63110578440000 - 112 33
63111026880000 - 112 107
63111033240000 - 112 27
63111082080000 - 112 107
63111172380000 - 75 112
63111191940000 - 112 45
63111198480000 - 80 112 6
63111219240000 - 112 41
63111263040000 - 112 27 45
63111357360000 - 75 112
63111570420000 - 75 112
63111570960000 - 75 112
63111571440000 - 75 112
63111616680000 - 53 112
63111715680000 - 112 27 45
63111716940000 - 112 65
63111777600000 - 112 33
63111866340000 - 112 17
63111880500000 - 80 112
63111886980000 - 112 17 45
63111972720000 - 112 17
63112224660000 - 80 112
63112292880000 - 112 107
63112386420000 - 80 112
63121318140000 - 112 107
63121409580000 - 68 112
63121431120000 - 112 107
63121855440000 - 112 17
63121932000000 - 123 112
63122525940000 - 112
63122526000000 - 71 112
63122790000000 - 112 107
63122807400000 - 112
63123236400000 - 112 62
63123242820000 - 112 1
63123328680000 - 112 107
63123393000000 - 112
63141016214000 - 131 113
63141378815000 - 34 113
63141461387000 - 109 113
63141605255000 - 109 113 106 18
63141878277000 - 109 113 18
63141956410000 - 109 113
63142492369000 - 34 113
63142738770000 - 109 113 106 18
63143347604000 - 144 113
63144556768000 - 113 18
63147396353000 - 144 113
63148007306000 - 109 113 18
63148089630000 - 144 113
63148177420000 - 109 113 18
63148266676000 - 109 113 18
63148702994000 - 109 113
63062010360000 - 132 114
63062036520000 - 114 108
63062207040000 - 132 55 114
63062625360000 - 132 114
63062643480000 - 47 114
63062705760000 - 47 114
63062897220000 - 132 114
63063306720000 - 55 114
63063595500000 - 47 114
63063920280000 - 47 114
63065034720000 - 132 114
63065898240000 - 132 114
63066502200000 - 47 114
63066944820000 - 47 114
63066946140000 - 132 47 55 114 5
63067128840000 - 132 47 55 114 5
63067478220000 - 132 114
63067639260000 - 132 114
63067657440000 - 132 114
63067741560000 - 132 114
63068406240000 - 132 114
63068415780000 - 47 114
63068415900000 - 47 114
63068422380000 - 132 114
63068698620000 - 132 114
63068748420000 - 114 5
63068835120000 - 47 114
63068837280000 - 47 114
63068843460000 - 47 114
63068854620000 - 114 5
63069274740000 - 47 114
63069299460000 - 47 114
63069363060000 - 47 114
63069370380000 - 47 114
63069612960000 - 132 114
63069613860000 - 47 114
63069966360000 - 47 114
63069982980000 - 132 114
63070047780000 - 47 114 5
63070054500000 - 114 5
63070063740000 - 114 5
63070130520000 - 132 114
63070133880000 - 47 132 55 114 5
63070160460000 - 114 5
63071111760000 - 114 5
63071343120000 - 114 5
63071787000000 - 114 5
63071884500000 - 55 114
63071895660000 - 47 114 5
63071967660000 - 55 114
63072049800000 - 55 114
63072378540000 - 47 55 114 5
63072378900000 - 114 5
63072392700000 - 47 55 114 5
63072465840000 - 47 114
63072474900000 - 132 47 55 114 5
63072477060000 - 47 114 5
63072477300000 - 132 47 55 114 5
63072478560000 - 47 114 5
63072656820000 - 47 114
63072918840000 - 114 5
63073018740000 - 47 114
63073068180000 - 47 114
63073169940000 - 47 114 5
63074113440000 - 132 114
63074202900000 - 132 114
63074278920000 - 47 114
63074282880000 - 47 114
63074291220000 - 47 114
63074310600000 - 47 114
63074365440000 - 47 114
63074385540000 - 114 5
63074456760000 - 132 114
63074457780000 - 132 47 55 114 5
63074457900000 - 47 114
63075325260000 - 114 5
63075333000000 - 47 114
63075684600000 - 132 114
63075919860000 - 114 5
63075922080000 - 47 114
63075937020000 - 47 114
63076182060000 - 114 5
63076185480000 - 132 114
63076187160000 - 132 114
63076204680000 - 132 114
63076207260000 - 132 114
63076270320000 - 114 5
63076281600000 - 47 114
63076294740000 - 47 114
63076295460000 - 55 114
63076295940000 - 132 114
63076524960000 - 47 114
63076530540000 - 114 5
63076534440000 - 47 114
63076553160000 - 2 114
63076623660000 - 114 5
63077129760000 - 132 114
63077329500000 - 132 114
63077337540000 - 47 114 5
63077495640000 - 132 114 108
63077827680000 - 132 114
63077829300000 - 132 114
63077837700000 - 47 114
63078106140000 - 114 5
63078339780000 - 47 114
63078352320000 - 132 47 55 114 5
63078355260000 - 132 114
63078438060000 - 132 114
63078947940000 - 132 114
63078949860000 - 47 114
63078965100000 - 47 114
63079463400000 - 114 90
63079902180000 - 55 114
63080274540000 - 47 114
63080275320000 - 132 114
63080348340000 - 132 114
63080442360000 - 47 114
63080450520000 - 47 132 55 114 5
63080948760000 - 114 104
63080953680000 - 47 114
63081041820000 - 47 114
63081362940000 - 114 5
63081374400000 - 47 114
63081376860000 - 47 114
63081376920000 - 47 114
63081451260000 - 132 114
63081451560000 - 47 114
63081472560000 - 47 114 104
63081483480000 - 114 85
63081551940000 - 47 114
63082682820000 - 132 114
63082688820000 - 132 114
63082927800000 - 47 114
63083186040000 - 47 114
63083195820000 - 132 114
63083440200000 - 114 5
63083446260000 - 114 5
63083527260000 - 132 114
63083784480000 - 132 114
63083802000000 - 114 108
63083818080000 - 132 114
63083867640000 - 47 114 5
63083973900000 - 47 114 5
63083988360000 - 132 114
63084387300000 - 132 114
63084389100000 - 47 114
63084472860000 - 132 114
63084474180000 - 132 47 55 114 5
63084474360000 - 47 114
63084562860000 - 47 114 5
63084577200000 - 132 114
63084577680000 - 114 5
63084663480000 - 55 114
63084740880000 - 114 5
63084760800000 - 47 114
63084991980000 - 132 114
63084994200000 - 132 114
63085010280000 - 132 114
63085078440000 - 47 114 5
63085087800000 - 132 114
63085179180000 - 47 55 114 5
63085191060000 - 47 114 5
63085191120000 - 132 114
63085596840000 - 55 114
63085597200000 - 47 114 5
63085601640000 - 114 5
63085602480000 - 47 114
63085618740000 - 114 5
63085704780000 - 47 114
63085791480000 - 132 114
63085962240000 - 47 114
63086219460000 - 114 5
63086219580000 - 47 114
63086221740000 - 47 114
63086222040000 - 55 114
63086225460000 - 47 114
63086298360000 - 132 114
63086403300000 - 132 114
63086892900000 - 132 47 55 114 5
63086898360000 - 114 5
63087090180000 - 132 114
63087437880000 - 132 114
63087438360000 - 132 114
63087517680000 - 114 5
63087517980000 - 47 114
63087579780000 - 132 114
63088020480000 - 114 5
63088103220000 - 114 5
63088210320000 - 114 5
63088214640000 - 132 114
63088274820000 - 114 5
63088283040000 - 47 114
63088285080000 - 114 5
63088361100000 - 47 114 5
63088371720000 - 114 5
63088371960000 - 114 5
63088384920000 - 47 114 5
63088394820000 - 47 114
63088622460000 - 132 114
63088650120000 - 47 114
63088718880000 - 132 47 55 114 5
63089225280000 - 132 47 55 114 5
63089315220000 - 132 114
63089322420000 - 132 114 108
63089322480000 - 47 114
63089322540000 - 132 114
63089323380000 - 47 114
63089330400000 - 132 114
63089404200000 - 47 114
63089484540000 - 114 5
63089574840000 - 132 114
63089844420000 - 47 114
63089865900000 - 132 114
63089918580000 - 114 5
63089946540000 - 114 5
63089948760000 - 132 114
63090037260000 - 132 47 55 114 5
63090441060000 - 114 5
63091149780000 - 47 114
63091326660000 - 114 5
63091326840000 - 114 5
63091327800000 - 55 114
63091328940000 - 47 114
63091416540000 - 132 114
63091645380000 - 132 114
63091663440000 - 114 5
63091677540000 - 47 114
63091737600000 - 132 114
63091755600000 - 132 114
63091756680000 - 47 114
63091845660000 - 132 114
63091847880000 - 47 114
63091905720000 - 47 114
63092009040000 - 132 55 114 5
63092253480000 - 114 15
63092353680000 - 114 5
63092363400000 - 55 114
63092371560000 - 114 5
63092438220000 - 132 55 114 5
63092458380000 - 114 5
63092941380000 - 132 114
63092948400000 - 132 55 114 5
63093119460000 - 114 5
63093119520000 - 55 114
63093119940000 - 114 5
63093223080000 - 55 114
63093225120000 - 114 137
63093232860000 - 132 114
63093459840000 - 114 5
63093544440000 - 55 114
63093544740000 - 55 114
63093654300000 - 132 55 114 5
63093752520000 - 132 55 114 5
63094072080000 - 55 114
63094152960000 - 114 5
63094155180000 - 132 55 114
63094182120000 - 55 114
63094331280000 - 114 5
63094333920000 - 132 114
63094428180000 - 132 114
63094753260000 - 55 114
63094786140000 - 114 5
63095013780000 - 132 114
63095024280000 - 114 5
63095396640000 - 132 114
63095462160000 - 114 5
63095469720000 - 114 5
63095476200000 - 55 114 5
63095530320000 - 132 114
63095567160000 - 132 55 114 5
63095624760000 - 132 55 114 5
63095641800000 - 114 5
63095904840000 - 114 5
63096003540000 - 132 114
63096064860000 - 114 5
63096083820000 - 132 55 114 5
63096500580000 - 114 5
63096503220000 - 114 5
63096518700000 - 55 114 5
63096570300000 - 114 5
63096584880000 - 132 55 114 5
63096664140000 - 55 114
63096678300000 - 114 5
63096679560000 - 114 5
63097087740000 - 132 114
63097096140000 - 132 55 114 5
63097173660000 - 55 114
63097178160000 - 132 114
63097208700000 - 55 114
63097369680000 - 114 5
63097374540000 - 114 5
63097440000000 - 114 5
63097709160000 - 55 114
63097709520000 - 55 114
63097714080000 - 114 5
63097802580000 - 75 114 72
63097873980000 - 55 114
63098489280000 - 55 114
63099861960000 - 55 114
63100144140000 - 55 114
63100230660000 - 114 5
63100283700000 - 55 114
63100308120000 - 55 114
63100714740000 - 55 114
63100826160000 - 55 114
63100912500000 - 132 114
63101065440000 - 55 114
63101320620000 - 132 55 114 5
63101322660000 - 132 114
63101330400000 - 55 114
63101408880000 - 114 5
63101412060000 - 132 55 114 5
63101609940000 - 132 114
63101676900000 - 114 5
63101924040000 - 132 114
63102023640000 - 132 114
63102032700000 - 114 87 5
63102184800000 - 132 114
63102199380000 - 114 5
63102213600000 - 114 5
63102269820000 - 132 114
63102304020000 - 132 114
63102529440000 - 55 114
63102529800000 - 132 114
63102531360000 - 114 87
63102534060000 - 114 87
63102549120000 - 55 114
63102633420000 - 55 114 87 5
63102645000000 - 114 5
63102722220000 - 114 87
63102734340000 - 114 73
63102734520000 - 114 87
63102794700000 - 132 114
63102902520000 - 114 87 5
63103154040000 - 132 114
63103162860000 - 114 87
63103220100000 - 132 114
63103232160000 - 132 114
63103306440000 - 114 73
63103326180000 - 132 114
63103345020000 - 132 114
63103829700000 - 114 87
63103912080000 - 114 87
63103939320000 - 132 114
63103949100000 - 114 87
63103949580000 - 132 114
63103950000000 - 55 114
63104009760000 - 114 87
63104024100000 - 132 114
63104036640000 - 132 114
63104342760000 - 132 114
63104346600000 - 114 5
63104363700000 - 132 114
63104453820000 - 114 5
63104521800000 - 132 55 114 5
63104554080000 - 132 55 114 5
63104692980000 - 114 5
63104693160000 - 132 55 114 5
63104716860000 - 55 114
63104717520000 - 55 114
63104958780000 - 55 114
63104959020000 - 55 114
63104977620000 - 55 114
63105125520000 - 132 55 114 87 5
63105144420000 - 55 114
63105222720000 - 55 114
63105331800000 - 55 114
63105558600000 - 55 114
63105570240000 - 114 87
63105639240000 - 114 87
63105648720000 - 132 114
63105648900000 - 114 87
63105651540000 - 114 87
63105673680000 - 114 87
63105742080000 - 114 87
63105755400000 - 114 87
63105764760000 - 2 114
63105816000000 - 114 87
63105816120000 - 114 87
63105816240000 - 114 87
63105816720000 - 114 87
63105816900000 - 132 55 114 87 5
63105818100000 - 2 114
63105819240000 - 114 73
63105845820000 - 55 114 87
63105846600000 - 114 87
63106179960000 - 114 87
63106247280000 - 114 73
63106352820000 - 55 114
63106353660000 - 114 87
63106355640000 - 114 87
63106355880000 - 132 55 114 87 5
63107377440000 - 55 114
63107395560000 - 132 114
63107542920000 - 55 114
63107559300000 - 132 114
63107636100000 - 2 114
63107720040000 - 114 87
63107726100000 - 114 87
63107727000000 - 114 87
63107972700000 - 114 87
63107976960000 - 114 87
63108072900000 - 55 114
63108147600000 - 132 114
63108147840000 - 55 114 87 5
63108156900000 - 132 55 114
63108257640000 - 114 87
63108258360000 - 132 114
63108262080000 - 132 55 114 87 5
63108318900000 - 114 87 5
63108324360000 - 114 5
63108583620000 - 132 55 114 87 5
63108669180000 - 132 114
63108678180000 - 132 55 114 87 5
63108751860000 - 55 114
63108868680000 - 132 55 114 87 5
63108924900000 - 114 5
63108925080000 - 114 87
63108942240000 - 132 55 114
63108949020000 - 114 5
63108955380000 - 132 55 114 87 5
63109200180000 - 114 5
63109530780000 - 114 87
63109875960000 - 114 87
63109971660000 - 132 114
63109973880000 - 114 87
63110045700000 - 132 55 114 87 5
63110064360000 - 114 87
63110590560000 - 114 108
63110593380000 - 55 114
63110996160000 - 132 55 114 87 5
63110996760000 - 114 87
63111082740000 - 114 5
63111083220000 - 132 55 114 87 5
63111089760000 - 114 5
63111091920000 - 132 114
63111101280000 - 114 87 5
63111108600000 - 114 5
63111112440000 - 55 114
63111113460000 - 55 114 87
63111262020000 - 114 87
63111277260000 - 132 55 114 87 5
63111600960000 - 114 87
63111604440000 - 114 87
63111620160000 - 114 87
63111693300000 - 114 5
63111779400000 - 132 55 114 87 5
63111784500000 - 114 87
63111796980000 - 114 87 5
63112205760000 - 55 114
63112209720000 - 114 5
63112225140000 - 114 87
63112230360000 - 55 114
63112292460000 - 114 87
63112293120000 - 114 87
63112297020000 - 114 87
63112316160000 - 55 114
63112327980000 - 55 114
63112328100000 - 114 143
63112378980000 - 114 5
63112386120000 - 132 55 114 87 5
63112386240000 - 114 87
63112810140000 - 114 108
63112813560000 - 114 5
63112930800000 - 132 55 114 87 5
63112984560000 - 114 87 5
63113002680000 - 114 5
63113003640000 - 114 87 5
63113005560000 - 114 5
63113020560000 - 114 87 5
63113085660000 - 132 114
63113104320000 - 114 87 5
63113163360000 - 114 87
63113675460000 - 132 55 114 87 5
63113710860000 - 114 87
63114110220000 - 114 87
63114142140000 - 114 87
63114312600000 - 114 87
63114371280000 - 114 87
63114371340000 - 114 87
63114636960000 - 55 114
63114661140000 - 132 114
63114661860000 - 114 5
63114736080000 - 114 87
63114911160000 - 114 93
63114977280000 - 132 114
63114981480000 - 114 143
63115003740000 - 114 5
63115004880000 - 132 114
63115005060000 - 132 114
63115497480000 - 114 5
63115601040000 - 55 114
63115842900000 - 55 114
63115943640000 - 114 5
63115948080000 - 55 114
63115948500000 - 114 87
63115955100000 - 55 114
63115956660000 - 114 87
63116041020000 - 55 114
63116118900000 - 114 5
63116119620000 - 114 5
63116128320000 - 132 55 114 87 5
63116181960000 - 132 114
63116476260000 - 114 143
63116529600000 - 114 5
63116556600000 - 114 87
63116632380000 - 114 5
63116788680000 - 114 143
63116805540000 - 114 87
63116811780000 - 114 87
63117058380000 - 132 55 114 87 5
63117168180000 - 132 55 114 87 5
63117218640000 - 114 87
63117219960000 - 114 87
63117221700000 - 114 87
63117242940000 - 55 114 87 5
63117243420000 - 114 143
63117309060000 - 114 87
63117310020000 - 114 87
63117311040000 - 132 114
63117319680000 - 114 87
63117325260000 - 55 114 87 5
63117420840000 - 132 55 114 87 5
63117656880000 - 132 55 114 87 5
63117657600000 - 114 87
63117682080000 - 114 108
63117688320000 - 132 114
63117689460000 - 114 87
63117736440000 - 114 5
63117738720000 - 114 108
63117739380000 - 55 114
63117763380000 - 55 114 87 5
63117768420000 - 114 87
63117771000000 - 132 114
63117917460000 - 114 87
63117917520000 - 55 114
63117939480000 - 114 87
63118015680000 - 114 143
63118015740000 - 114 143
63118016100000 - 114 143
63118028940000 - 114 87
63118341900000 - 55 114 87 5
63118343160000 - 114 5
63118352700000 - 114 87
63118430820000 - 114 87
63118514640000 - 132 114
63118545540000 - 114 87
63118603020000 - 55 114
63118617360000 - 114 87
63118873800000 - 114 87
63118891380000 - 132 114
63118950180000 - 132 55 114 87 5
63119053080000 - 132 114
63119061540000 - 114 87
63119118480000 - 114 87
63119118600000 - 114 143 5
63119119620000 - 114 87
63119136420000 - 114 87
63119139360000 - 114 87
63119206440000 - 114 5
63119467860000 - 132 114
63119587080000 - 132 114
63119649840000 - 47 114
63119724060000 - 114 87
63119752980000 - 114 87
63119757300000 - 114 5
63119761800000 - 114 137
63120166320000 - 114 137
63120173340000 - 114 5
63120174000000 - 114 87
63120242340000 - 114 87
63120274500000 - 55 114
63120277920000 - 55 114
63120711660000 - 114 87
63120849060000 - 132 114
63120869880000 - 55 114
63120878220000 - 114 5
63120878880000 - 114 137 143
63120935820000 - 114 5
63120935880000 - 114 5
63121024620000 - 114
63121304880000 - 114 87
63121392360000 - 114 87 5
63121451220000 - 114 5
63121451640000 - 114 5
63121458960000 - 114 5
63121545060000 - 132 55 114 87 5
63121887060000 - 114 87
63122000580000 - 114 87
63122087040000 - 114 87
63122144220000 - 114 87
63122146380000 - 114 137
63122488020000 - 114 87 5
63122577120000 - 132 114
63122668980000 - 132 55 114 87 5
63122680140000 - 114 87 5
63122747160000 - 114 5
63122747220000 - 114 5
63122841660000 - 114 87
63123092700000 - 132 114
63123109020000 - 114 87
63123204780000 - 55 114
63123371880000 - 114 87
63123451500000 - 114 87
63123452700000 - 114 143
63123467580000 - 114 143 137
63123467760000 - 114 137
63123789660000 - 114 87
63123794820000 - 114 90
63123800460000 - 132 114
63123882060000 - 114 5
63123888960000 - 114 87
63123890100000 - 114 5
63123890160000 - 114 5
63123890340000 - 114 87
63123898680000 - 114 87
63123903420000 - 114 87
63123987720000 - 132 114
63124398120000 - 132 55 114 87 5
63124425120000 - 132 114
63125520960000 - 55 114
63125620620000 - 114 143
63125621880000 - 114 143
63125690040000 - 132 55 114 87 5
63125774100000 - 114 5
63125787900000 - 114 5
63125794260000 - 114 5
63126126360000 - 132 114
63126141720000 - 132 114
63126141960000 - 132 114
63126142020000 - 132 114
63126143940000 - 114 87
63126222180000 - 132 114
63126380880000 - 47 114
63126387900000 - 47 114
63126387960000 - 47 114
63126401880000 - 114 143
63126404640000 - 114 5
63126815520000 - 47 55 114 87 5
63126827160000 - 47 114
63126827280000 - 114 5
63127003800000 - 47 114
63127007340000 - 47 114
63127066920000 - 55 114
63127077420000 - 47 114
63127345860000 - 47 114
63127361340000 - 47 114
63127361400000 - 47 114
63127361580000 - 114 5
63127413240000 - 114 5
63127424340000 - 47 114
63127430460000 - 132 114
63127510920000 - 47 114
63127511100000 - 47 114
63127515120000 - 47 114
63127537260000 - 132 114
63127586520000 - 114 87
63127603980000 - 114 143
63136765769000 - 114 5
63137202993000 - 114 5
63137206089000 - 114 5
63137625896000 - 47 114
63137629514000 - 47 114
63137630815000 - 47 114
63137660800000 - 47 114 87
63137728343000 - 47 114
63138230973000 - 114 87
63138235045000 - 114 137
63138253674000 - 114 5
63138409028000 - 114 5
63138492770000 - 47 114
63138835854000 - 47 114
63138863883000 - 47 114
63138936258000 - 114 5
63138941657000 - 114 5
63139042240000 - 114 87
63139444561000 - 114 87
63139445477000 - 47 114
63139562552000 - 47 55 114 87
63139636524000 - 47 114
63139637212000 - 114 5
63139699177000 - 47 114
63139802055000 - 47 114
63139802379000 - 47 114
63139803931000 - 47 114
63140223434000 - 47 114
63140312432000 - 47 55 114 87
63140336149000 - 114 87
63140399656000 - 114 5
63140692072000 - 47 55 114 87
63140752265000 - 55 114
63140752348000 - 55 114
63140754236000 - 55 114
63140759842000 - 55 114
63140826813000 - 55 114
63140827809000 - 55 114
63140834405000 - 47 55 114 87
63140838967000 - 47 114
63141005294000 - 55 114
63141276776000 - 114 87
63141350127000 - 47 114
63141436626000 - 114 87
63141437006000 - 114 87
63141879936000 - 114 87
63141896512000 - 114 87
63141972493000 - 114 87
63143081870000 - 114 5
63143192619000 - 114 5
63145778463000 - 55 114
63146725380000 - 114 73
63146992607000 - 114 87
63147051118000 - 114 87
63147071096000 - 114 73
63147590967000 - 114 87
63147998774000 - 114 87
63148190302000 - 114 5
63148201816000 - 114 87
63149402055000 - 114 87 5
63149489908000 - 114 87 5
63150096064000 - 114 87 5
63150517536000 - 114 87
63150517695000 - 114 87
63150517808000 - 114 87
63150619954000 - 114 5
63150953274000 - 114 5
63151031678000 - 114 5
63151108753000 - 114 5
63151114542000 - 114 5
63151140646000 - 114 5
63151195476000 - 114 5
63151200082000 - 114 5
63151209555000 - 114 87
63151209656000 - 114 5
63151292321000 - 114 87 5
63151654825000 - 114 5
63151802405000 - 114 87
63151824228000 - 114 5
63152176465000 - 114 5
63106172940000 - 2 115
63106173060000 - 77 115
63106178340000 - 77 115
63106244460000 - 77 115
63106244580000 - 77 115
63106365240000 - 56 115
63106453860000 - 77 115
63106851420000 - 77 115
63106851480000 - 23 115
63106855860000 - 115 12
63106864140000 - 77 115
63106864680000 - 115 12
63107028120000 - 77 115
63107110140000 - 2 115
63107111160000 - 8 115
63107380080000 - 77 115
63107483340000 - 117 115
63107558880000 - 77 115
63107559840000 - 63 115
63107712300000 - 77 115
63107976240000 - 147 115
63107977500000 - 77 115
63108000840000 - 77 115
63108005520000 - 43 115
63108062160000 - 118 115
63108081900000 - 63 115
63108141600000 - 77 115
63108170880000 - 77 115
63108246360000 - 3 115
63109367100000 - 140 115
63109371840000 - 118 115
63109793040000 - 23 63 115
63109793160000 - 77 115
63109799400000 - 118 115
63109909260000 - 77 115
63110164500000 - 23 63 115
63110569200000 - 56 115
63110572320000 - 63 115
63111276060000 - 23 115
63111285120000 - 147 115
63111342180000 - 147 115
63111371880000 - 77 115
63111605640000 - 77 115
63111865740000 - 77 115
63112053720000 - 77 115
63112053840000 - 3 115
63112473540000 - 77 115
63112572060000 - 116 115
63112809420000 - 77 115
63112905000000 - 77 115
63112909080000 - 77 115
63112998420000 - 63 147 140 61 115
63113599440000 - 2 115
63114197160000 - 11 115
63114285060000 - 115 12
63114390660000 - 115 12
63114391140000 - 43 115
63114392880000 - 77 115
63114798060000 - 2 115
63114895440000 - 115
63114902220000 - 77 115
63114983160000 - 63 2 117 93 56 129 41 115 1
63115333080000 - 61 115
63115351800000 - 85 2 117 56 129 41 115 1
63115411260000 - 129 115
63115430400000 - 77 115
63115432920000 - 129 115
63115925160000 - 77 115
63115942200000 - 56 115
63116444100000 - 77 115
63116453280000 - 140 115
63116455200000 - 77 115
63116466600000 - 56 115
63116467380000 - 56 115
63116532780000 - 77 115
63116535840000 - 63 115
63116633760000 - 77 115
63117143100000 - 77 115
63117219780000 - 77 115
63117311520000 - 115 12
63117326640000 - 77 115
63117398040000 - 77 115
63118437600000 - 77 115
63118520760000 - 115 12
63118543260000 - 15 115
63118866060000 - 118 115 57
63118877640000 - 116 57
63096237960000 - 117 129
63097101960000 - 117 39
63097773000000 - 117 115
63098558400000 - 83 117
63099162300000 - 117 59
63099594540000 - 128 117
63099691680000 - 117 11 41
63100716840000 - 128 117
63101063520000 - 63 117
63101064540000 - 117 79
63101064600000 - 117 1
63101067960000 - 117 1
63101080020000 - 63 117
63101341740000 - 128 117
63101925900000 - 117 59
63102025740000 - 63 117
63102025920000 - 66 117
63102098340000 - 63 117
63104103240000 - 103 117
63104114760000 - 128 117
63104953680000 - 128 117
63104961780000 - 85 66 117 1
63105653640000 - 2 117
63105851880000 - 128 117
63106264980000 - 63 117
63107541900000 - 117 115
63107811900000 - 26 117 143
63108166560000 - 63 117
63108342060000 - 128 117
63108611340000 - 117 38
63109195680000 - 117 19
63114749880000 - 63 117
63114794580000 - 117 19
63114800940000 - 66 117
63115431660000 - 128 117
63117830700000 - 117 85
63120850560000 - 71 117
63120851040000 - 71 117
63120890160000 - 71 117
63120890640000 - 71 117
63121286640000 - 66 117
63121326240000 - 66 117
63121977060000 - 117 61
63122013060000 - 117 61
63122178420000 - 63 117 61
63122214420000 - 63 117 61
63122487720000 - 54 117
63122523720000 - 54 117
63084659820000 - 3 118 127
63123419880000 - 46 140 61 76 118 12 57
63123489240000 - 118 46
63124370400000 - 23 118
63124370640000 - 23 118
63124454100000 - 23 118
63124585560000 - 132 77 118 12 142
63132377158000 - 140 8 24 116 61 118 23 63 76 52 12
63132382870000 - 140 8 24 116 61 118 23 63 76 52 12
63132877212000 - 136 147 17 118 33 45
63125958963000 - 119 67
63137837353000 - 119 42 121 67 131 144 22
63137840149000 - 119 42 121 67 131 144 22
63139652580000 - 119 42 121 67 131 144 22
63139881764000 - 119 67
63139881935000 - 119 67
63140020784000 - 119 22
63144386827000 - 119 42
63145717389000 - 119 121
63115442340000 - 120 1
63123746840000 - 120 107
63124332768000 - 120
63124346063000 - 120 51
63124937411000 - 120 51
63124947157000 - 120 51
63126143093000 - 120 97
63137463309000 - 120 51
63137632396000 - 120 107
63140930344000 - 120 59
63140930690000 - 120 59
63141016617000 - 120 59
63141016723000 - 120 59
63141022280000 - 120 59
63141022476000 - 120 59
63141257594000 - 120 59
63141354633000 - 120 59
63123223620000 - 121 22
63123262320000 - 119 121
63124336680000 - 121 42 106
63126938460000 - 121 106
63127076215000 - 121 67
63127081440000 - 121 113
63127211543000 - 121 144
63128034431000 - 121 144
63130317603000 - 121 113
63132075125000 - 121 131
63136543457000 - 119 121
63140305245000 - 121 144
63140992147000 - 119 121
63148689409000 - 121 144
63137806512000 - 123 97
63140999653000 - 136 123
63141266286000 - 123 97
63141444108000 - 123 97
63145240279000 - 123 142
63145242827000 - 123 142
63145245071000 - 123 142
63136423259000 - 7 126
63120740460000 - 128 61
63122525400000 - 128 61
63127382824000 - 128 61
63137720637000 - 128 61
63140227819000 - 128 95
63140231085000 - 128 95
63140250214000 - 128 95
63140311557000 - 128 95
63140395622000 - 128 61
63140407356000 - 128 51
63140922295000 - 128 61
63141010570000 - 128 61
63145069985000 - 128 103
63084409680000 - 129 8
63084554160000 - 61 129
63085331700000 - 61 129
63085552200000 - 129 115
63085707000000 - 129 115
63087972120000 - 23 129
63089317200000 - 140 129
63091911240000 - 140 129
63099181260000 - 117 129
63103216260000 - 2 129
63103945200000 - 63 129
63103993020000 - 78 129
63104012040000 - 63 129
63105825420000 - 140 129
63106434660000 - 140 129
63106865640000 - 63 129
63110490840000 - 94 129
63115410900000 - 129 115
63115411020000 - 60 129
63115432500000 - 129 115
63115829580000 - 129 115
63116605200000 - 7 60 28 129
63117146220000 - 2 129
63118886160000 - 129 1
63120877140000 - 60 129
63125017920000 - 63 129
63125053920000 - 63 129
63126441502000 - 130 84
63128154210000 - 130 21
63129880344000 - 130 84
63132908450000 - 130 84
63136519898000 - 130 41
63137646258000 - 130 51
63148127735000 - 130 41
63148210521000 - 130 127
63107731380000 - 131
63109905720000 - 92 32 131 109 130 84 18
63110481420000 - 92 131
63111035520000 - 131 137
63111112320000 - 131 113
63111112680000 - 131 113
63111171000000 - 131 113
63111288060000 - 32 131
63111603180000 - 42 131
63111616800000 - 42 131
63111957300000 - 131 113
63112294080000 - 121 131
63112318920000 - 42 131
63112467480000 - 121 131
63112809360000 - 121 131
63112983240000 - 131 113
63113105400000 - 92 131
63114226920000 - 4 92 131 130 109 84 18
63114316560000 - 4 92 131 130 109 84 18
63114317100000 - 4 92 131 130 109 84 18
63114992940000 - 42 131
63114994020000 - 42 131
63115505640000 - 42 131
63116200620000 - 131 113
63116549940000 - 131 144
63116550660000 - 131 144
63116551020000 - 42 131
63116554500000 - 42 131
63116629920000 - 4 92 131 130 109 84 18
63117156240000 - 4 131
63117246900000 - 4 92 131 130 109 84 18
63117409500000 - 131 113
63117675300000 - 131 113
63117676380000 - 131 113
63117676980000 - 131 84
63118026660000 - 4 92 131 130 109 84 18
63118345740000 - 131 84
63118512840000 - 131 113
63118526520000 - 131 113
63118534860000 - 131 113
63118542840000 - 131 113
63119042220000 - 4 92 131 130 109 84 18
63119064660000 - 4 92 131 130 109 84 18
63119121780000 - 131 109
63119144040000 - 131 113
63119146680000 - 4 92 131 130 109 84 18
63119464920000 - 131 109 18
63119465580000 - 131 18
63119497140000 - 4 92 131 130 109 84 18
63119561760000 - 131 109
63119568540000 - 131 109
63119579820000 - 4 92 131 130 109 84 18
63119733000000 - 131 113
63119746200000 - 4 92 131 130 109 84 18
63119823240000 - 131 109 18
63119827860000 - 131 109 18
63120159360000 - 4 131
63120255720000 - 119 131
63120329460000 - 131 106
63120949440000 - 131 113
63120949800000 - 131 113
63121038360000 - 131 113
63121039560000 - 34 131
63121048380000 - 131 113
63121287300000 - 131 113
63121288380000 - 131 113
63121556700000 - 131 113
63121641180000 - 131 141
63121643400000 - 131 141
63122857020000 - 131 144
63123187680000 - 131 127
63123469380000 - 131 127
63123901080000 - 131 127
63123954840000 - 42 131
63123969720000 - 4 131 109 130 106 84 18
63124502460000 - 131 127
63046642020000 - 132 55
63047171940000 - 132 15
63047586180000 - 132 47
63048282420000 - 132 108
63048288240000 - 132 55
63048397080000 - 132 55
63048446100000 - 132 47
63048878040000 - 132 55
63048878220000 - 132 55
63049482180000 - 132 47 55 114
63049662120000 - 132 55
63051135060000 - 132 55
63051410760000 - 132 55
63051497640000 - 132 108
63051921660000 - 54 47 114 43 132 25 55 104 90 86 108 15
63052075200000 - 132 114
63052331280000 - 132 114
63052365360000 - 132 104
63052367100000 - 132 47 55 114
63052508220000 - 132 114
63052508280000 - 132 114
63052794060000 - 132 114
63053136060000 - 132 114
63053136120000 - 132 114
63053136180000 - 132 114
63053137200000 - 132 114
63053224620000 - 132 55
63053545860000 - 132 114
63053548500000 - 132 114
63053548560000 - 132 114
63055361040000 - 132 55
63056227140000 - 132 55
63056332560000 - 132 54
63056741580000 - 132 55
63057524280000 - 132 55
63057537480000 - 132 104
63057867300000 - 132 55
63058046040000 - 132 114 104
63058643040000 - 132 114
63061433760000 - 132 47
63061588080000 - 132 55
63062121780000 - 132 114
63062193060000 - 43 132
63062285160000 - 132 55
63062800920000 - 132 114
63062981820000 - 132 55
63063226380000 - 132 61
63063923040000 - 132 104
63063999240000 - 132 47 55 114
63063999480000 - 132 47 55 114 5
63064981380000 - 132 114
63065039460000 - 132 61
63065216220000 - 132 61
63065218860000 - 132 61
63065900700000 - 132 61
63065927760000 - 132 61
63066017340000 - 132 5
63066266640000 - 132 47 55 114
63066536760000 - 132 47
63067476240000 - 132 47
63067556400000 - 132 114
63067649820000 - 132 61
63067715640000 - 132 61
63068325840000 - 132 114
63068428500000 - 132 114
63068693820000 - 132 114
63068935740000 - 132 25 104
63069012720000 - 132 61
63069013200000 - 132 25 104
63069030900000 - 132 55
63069040440000 - 132 61
63069263520000 - 132 61
63069270060000 - 132 55
63069275580000 - 132 55
63069286800000 - 132 25 104
63069387720000 - 132 114
63069563640000 - 132 114
63069612900000 - 132 55
63069621960000 - 132 55
63069946620000 - 132 55
63070227600000 - 132 25 104
63070246680000 - 132 61
63070406940000 - 132
63070422900000 - 132 61
63070488600000 - 132 61
63070491360000 - 132 25
63070592520000 - 132 55
63070594320000 - 132 55
63071086080000 - 132 61
63071187960000 - 132 47
63071281260000 - 132 55
63073003620000 - 132 25 54 47 55 104 114 5 90
63073702260000 - 132 104
63073711680000 - 132 55
63073774380000 - 132 47 55 114 5
63073871040000 - 132 55
63073871280000 - 132 55
63074109600000 - 132 114
63074196300000 - 132 25
63074221140000 - 132 61
63074280300000 - 132 55
63074991600000 - 132 104
63075003120000 - 132 61
63075074460000 - 132 55
63075317760000 - 132 55
63075338520000 - 132 55
63075928620000 - 132 47 55 114 5
63076187040000 - 132 114
63076195500000 - 132 114
63076202460000 - 132 55
63076209060000 - 132 114
63076535700000 - 132 114
63076542120000 - 132 25
63076614600000 - 132 55
63076714860000 - 132 55
63076717800000 - 54 47 114 43 132 25 55 104 5 90 86 108 15
63076784760000 - 132
63076790040000 - 132
63077152680000 - 132
63077152740000 - 132
63077152860000 - 132
63077311260000 - 132 61
63077397780000 - 132 114
63077475360000 - 132 61
63077749500000 - 132 55
63077754360000 - 132 55
63078451260000 - 132 114
63078535740000 - 132 47 55 114 5
63078628020000 - 132 55
63078628860000 - 132 55
63078714900000 - 132 114
63078720480000 - 132 61
63078720660000 - 132 114
63079552560000 - 132 55
63079645200000 - 132 25
63079833840000 - 43 132
63079910400000 - 132 55
63079927080000 - 132 61
63080348100000 - 132 61
63080844900000 - 132 47 5
63080936880000 - 132 55
63080936940000 - 132 55
63080947740000 - 132 55
63081019140000 - 132 114
63081478740000 - 132 55
63081481860000 - 132 25 104
63081561600000 - 132 25 104
63081566460000 - 132 25
63082146120000 - 132 55
63082146180000 - 132 55
63082665540000 - 132 61
63082926840000 - 43 132
63083183760000 - 132
63083281560000 - 132 55
63083542860000 - 132 55
63083788260000 - 132 61
63083803800000 - 132 61
63083806020000 - 43 132
63083885640000 - 132 61
63083992740000 - 132 61
63084044340000 - 132 114
63084133080000 - 132 61
63084133380000 - 132 61
63084152340000 - 132 61
63084385740000 - 132 108
63084411360000 - 132 55
63084473880000 - 132 61
63084579480000 - 132 61
63084762540000 - 132 25
63085967400000 - 132 25
63085970460000 - 132 25
63086406300000 - 132 61
63087073140000 - 132 108
63087087000000 - 132 114
63087417480000 - 132 61
63087440100000 - 132 114
63087591360000 - 132 114
63087785040000 - 132 55
63088823880000 - 132 61
63089311920000 - 132 3
63090091560000 - 132 55
63090467760000 - 43 132
63090613440000 - 132
63091143960000 - 132 114
63091910940000 - 132 61
63092445480000 - 132 55
63092446620000 - 43 132
63092971440000 - 132 55 114 5
63093465120000 - 132 55
63093668700000 - 132 61
63093719160000 - 132
63093737340000 - 132 61
63094178280000 - 132 61
63094190700000 - 132
63094191360000 - 132 61
63094247880000 - 132 114
63094350900000 - 132 55
63094356900000 - 132 114
63094410840000 - 132 147
63094427460000 - 132 114
63094703820000 - 132 147
63095015100000 - 132 114
63095381520000 - 132 114
63095448240000 - 132 55
63095978760000 - 132 61
63096154860000 - 132 114
63096169080000 - 132 55
63096840240000 - 43 132
63096864840000 - 132 5
63097093800000 - 132 114
63097346880000 - 132 55
63097363260000 - 132 55
63097363320000 - 132 55
63097696920000 - 132 55
63097873440000 - 132
63097986180000 - 132 61
63098474700000 - 132 108
63099094080000 - 132 55
63099104040000 - 132 55 5
63099177780000 - 132 55 5
63099513120000 - 132 147
63099596940000 - 43 132
63099705060000 - 132 15
63099768480000 - 132 61
63099778080000 - 132 147
63099797640000 - 132 147
63099876120000 - 43 132
63100150260000 - 132 55
63100296360000 - 132 61
63100384560000 - 132 61
63100718040000 - 132 114
63100980900000 - 132 55
63100981200000 - 132 55
63101064360000 - 132 55
63101064540000 - 132 114
63101069760000 - 132 108
63101069940000 - 132 114
63101072760000 - 43 132
63101515560000 - 132 114
63101515620000 - 132 114
63101690220000 - 43 132
63102103260000 - 132 114
63102142020000 - 132 114
63102205740000 - 132 114
63102221460000 - 132 114
63102305280000 - 132 114
63102451620000 - 132 61
63102535920000 - 132 114
63102569280000 - 132 3
63102645180000 - 132 55
63102653640000 - 132 55
63102706860000 - 132 114
63102727860000 - 132 114
63102798540000 - 132 114
63102887280000 - 132 114
63102908940000 - 132
63102909600000 - 132
63102909840000 - 132
63102909900000 - 132
63103231440000 - 132 114
63103248180000 - 132 55
63103312560000 - 132 55 87 5
63103321860000 - 132 114
63103401000000 - 132 25
63103827900000 - 132 147 61
63103837020000 - 132
63103863840000 - 132 61
63103945380000 - 132 55
63104349300000 - 132 114
63104524620000 - 132 114
63104724840000 - 132 114
63105044040000 - 132 5
63105124440000 - 132 55
63105140040000 - 132 104 114
63106350600000 - 132
63106422900000 - 132 55
63106424520000 - 132 147 61
63106706400000 - 132 55
63107457840000 - 132 55
63107457900000 - 132 55
63107565780000 - 132 114
63107719080000 - 132 55
63107734380000 - 132 55 87 5
63107978820000 - 132 61
63108157320000 - 132 55
63108158040000 - 132 114
63108165000000 - 132 55
63108165300000 - 132 55
63108168840000 - 43 132
63108170700000 - 132 55
63108171240000 - 132 55
63108234660000 - 132
63108235860000 - 132 55
63108240060000 - 132 114
63108248820000 - 132 104
63108273180000 - 132 114
63108587280000 - 132 108
63108670140000 - 132 55 114 87 5
63108670500000 - 132 61
63108760260000 - 132 147
63108874740000 - 132 114
63108927720000 - 132 55
63108927780000 - 132 55
63109194900000 - 132 108
63109286040000 - 132 55 114 87
63109549500000 - 132 25 73
63109552620000 - 132 54
63109555800000 - 132 73
63109812780000 - 132 55
63110418360000 - 132 55
63110582460000 - 132 147
63111022800000 - 132 114
63111262080000 - 132 104
63111864480000 - 132 54
63112212300000 - 132 147
63112230360000 - 132 58
63112295280000 - 132 55 114 87 5
63112330740000 - 132 108
63112496880000 - 132 55
63112556100000 - 132 55
63112918200000 - 132 55
63112995840000 - 132 114
63112996860000 - 132 87
63113096040000 - 132 2 95
63113103840000 - 43 132
63113623080000 - 132
63114283140000 - 132 87
63114322500000 - 132 108 15
63114889020000 - 132 147
63115344180000 - 132 55 114 87 5
63115440300000 - 132 55
63115493460000 - 132 61
63116050380000 - 132 55
63116445180000 - 132 55
63116464920000 - 132 61
63116530740000 - 132 47
63117058560000 - 132 61
63117063360000 - 132 61
63117063780000 - 132 104
63117165060000 - 132 114
63117167820000 - 132 108
63117249300000 - 43 132
63117336300000 - 132 55
63117831000000 - 132 147
63118466640000 - 132 114
63118525560000 - 132 87
63118612320000 - 132 55
63118623780000 - 132 147
63118635300000 - 132 147
63119581920000 - 132 55 114 87 5
63119640480000 - 132
63119754600000 - 132 55
63120075960000 - 132 87
63120276720000 - 132 114
63120276780000 - 132 114
63120277800000 - 132 114
63120329460000 - 132 147
63120333480000 - 132 147
63120333600000 - 132 147
63120446280000 - 43 132
63122591400000 - 132
63122602560000 - 132 5
63122679300000 - 132 114
63122855220000 - 43 132
63123890820000 - 132 147
63124068660000 - 132 147
63124420680000 - 132 55 114 87 5
63124421100000 - 132 55
63125001360000 - 132 104
63125001600000 - 132 114
63125085060000 - 132 55 114 87 5
63125122380000 - 132 104
63125191560000 - 132 55 114 87 5
63126207480000 - 132
63126243480000 - 132
63127415160000 - 132 55
63127451160000 - 132 55
63127597800000 - 132 55
63127633800000 - 132 55
63127726440000 - 132 55
63127726500000 - 132 55
63127726560000 - 132 55
63127741080000 - 132 55
63127970580000 - 132 55
63127981920000 - 132 61
63127983120000 - 132 55
63128078880000 - 132 55
63128128400000 - 132
63128158881000 - 132 47 55 114 87 5
63096501240000 - 133 62
63096501300000 - 133 62
63096653640000 - 133 62 65 1
63097191120000 - 133 122
63097448280000 - 133 62 1
63099242880000 - 133 62 41
63099271860000 - 133 62 41 1
63099619320000 - 133 62 41 1
63100732320000 - 133 41 1
63102716820000 - 133 62
63112572540000 - 133 99
63114212100000 - 133 98
63114813000000 - 133 136 1
63115322700000 - 133 107
63118871520000 - 133 99
63119143560000 - 133 62 41
63119573880000 - 133 41
63120781020000 - 133 62 41
63120841380000 - 133 1
63125714220000 - 134
63126249060000 - 13 102 126 134
63111870600000 - 37 135
63113080800000 - 37 135
63113080860000 - 37 135
63113168220000 - 37 135
63113513340000 - 37 135
63113609640000 - 37 135
63113611380000 - 37 135
63117832860000 - 37 135
63119216280000 - 37 135
63119819820000 - 37 135
63111086280000 - 136 142
63111095580000 - 136 142
63122521080000 - 71 136 137 142
63122536560000 - 136 86
63122550540000 - 136 86
63122552880000 - 71 136 137 142
63122608020000 - 136 86
63122811480000 - 136 86
63123132420000 - 136 86
63123134340000 - 136 86
63123139500000 - 136 86
63123140280000 - 136 86
63123760260000 - 136 63
63124338840000 - 136 142
63124367100000 - 136 39
63124367520000 - 136 142
63124438800000 - 136 137
63124452720000 - 136 142
63124452780000 - 136 86
63124523160000 - 136 86
63124618440000 - 136 123
63124622220000 - 136 63
63124942680000 - 71 136
63124943700000 - 71 136 137 142
63124955880000 - 71 136
63136156620000 - 136 142
63136498499000 - 136 20
63136594700000 - 136 41
63136599936000 - 136 142
63136600727000 - 136 63
63136689951000 - 136 63
63136691469000 - 136 20
63136693280000 - 136 142
63136693376000 - 136 41
63136693587000 - 136 142
63136759428000 - 136 142
63137019920000 - 136 63
63137021612000 - 136 142
63137109941000 - 136 142
63137136853000 - 136 41
63137190950000 - 136 9
63137193434000 - 136 142
63137193678000 - 136 61
63137197364000 - 136 61
63137304725000 - 136 142
63137382779000 - 136 61
63137385281000 - 136 41
63137387691000 - 136 142
63137648066000 - 136 61
63137656206000 - 136 61
63137824852000 - 136 142
63138232258000 - 136 142
63138255083000 - 136 61
63138323222000 - 136 63
63138342642000 - 136 63
63138491934000 - 136 28
63138498469000 - 136 142
63138572695000 - 136 20
63138572883000 - 136 63
63138583959000 - 136 41
63138592622000 - 136 142 41
63138934548000 - 136 142
63139014295000 - 136 41
63139188193000 - 136 61
63139438679000 - 136 142
63139442776000 - 136 20
63139614615000 - 136 20
63139614857000 - 136 20
63139616594000 - 136 142
63139699536000 - 136 61
63139707758000 - 136 142
63139727759000 - 23 136
63139727957000 - 136 20
63139801838000 - 136 142
63139805922000 - 136 51 79
63139806655000 - 136 142
63139811027000 - 136 142
63140044989000 - 136 142
63140049443000 - 136 142
63140052336000 - 136 20
63140052367000 - 136 142
63140065218000 - 136 20
63140236690000 - 136 20
63140237091000 - 136 41
63140237226000 - 136 20
63140244153000 - 136 41
63140245820000 - 136 142
63140246344000 - 136 142
63140323639000 - 136 142
63140396861000 - 136 142
63140399239000 - 136 20
63140415073000 - 136 20
63140651002000 - 136 20
63140654322000 - 136 9
63140665858000 - 136 41
63140672543000 - 136 20
63140742789000 - 136 63
63140764165000 - 136 142
63141364275000 - 136 142
63141375319000 - 136 142
63141603104000 - 136 41
63141874826000 - 136 142
63143710912000 - 136 41
63143761866000 - 136 62
63144030674000 - 136 142
63144457004000 - 136 142
63121494000000 - 136 137
63121499640000 - 143 137
63121518120000 - 54 137
63121520880000 - 54 137
63121579020000 - 137 41
63121579140000 - 54 137
63121603380000 - 54 137
63121603920000 - 54 137
63121667940000 - 137 90
63121669740000 - 137 90
63121669800000 - 137 90
63121670280000 - 54 137
63121690860000 - 137 90
63121927140000 - 136 137
63121940040000 - 143 137
63121943700000 - 143 137
63121945740000 - 136 137
63121947600000 - 143 137
63121951440000 - 136 137
63121951980000 - 54 137
63122005260000 - 2 137
63122010000000 - 54 137
63122020920000 - 2 137
63122031360000 - 137 111
63122032140000 - 137 87
63122110740000 - 136 137
63122124960000 - 137 90
63122178060000 - 54 137
63122179080000 - 114 137
63122199480000 - 143 137
63122202300000 - 54 137
63122212680000 - 114 137
63122265480000 - 143 137
63122266860000 - 143 137
63122292600000 - 143 137
63122295120000 - 137 111
63122525400000 - 2 137
63122527500000 - 137 111
63122528280000 - 137 111
63122610540000 - 71 137
63122643420000 - 143 137
63122712480000 - 2 137
63122721480000 - 2 137
63123151740000 - 143 137
63123216480000 - 143 137
63123232320000 - 71 137
63123307080000 - 54 137 90
63123310380000 - 143 137
63123397920000 - 54 137
63123398340000 - 71 137
63123400740000 - 54 137
63123501660000 - 114 137
63123733020000 - 114 137
63123733080000 - 114 137
63123759060000 - 71 137
63123825480000 - 71 137
63131581138000 - 138 45
63131583027000 - 138 45
63131584736000 - 138 45
63131609370000 - 68 138
63131931273000 - 27 138
63131932991000 - 138 45
63131934770000 - 27 138
63131950701000 - 68 138
63131950843000 - 138 45
63131950902000 - 17 138
63131951574000 - 17 138
63132021801000 - 27 138
63132186551000 - 68 138
63132199572000 - 36 138 46
63132204096000 - 68 138
63132208303000 - 138 45
63132278700000 - 138 45
63132356771000 - 68 27 138 45
63132369084000 - 27 138
63132385833000 - 68 138
63132386193000 - 27 138
63132474059000 - 68 27 138 45
63132488366000 - 68 27 138
63132489071000 - 27 138
63132489330000 - 138 45
63132489624000 - 138 45
63132489954000 - 27 138
63132490396000 - 27 138
63132490563000 - 27 138
63132490863000 - 68 138
63132531718000 - 68 138
63132531752000 - 68 138
63132548934000 - 27 138
63132549090000 - 27 138
63132549695000 - 138 33
63132552112000 - 53 138
63132790742000 - 27 138
63132907649000 - 138 45
63133051312000 - 138 45
63133051995000 - 27 17 138
63133054161000 - 17 138
63133071479000 - 68 69 27 138 45
63133078216000 - 138 45
63133407026000 - 138 45
63133407258000 - 138 45
63133413721000 - 138 45
63133481503000 - 68 138
63133482438000 - 68 138
63133495274000 - 27 138
63133684785000 - 138 45
63133739502000 - 138 45
63133955676000 - 138 45
63134305811000 - 138 45
63134307342000 - 68 138
63134438264000 - 138 45
63134439725000 - 27 138
63134440128000 - 68 138
63134440241000 - 68 138
63134448007000 - 138 45
63134783623000 - 27 138
63134796153000 - 110 138
63134871620000 - 27 138
63134877496000 - 138 45
63134893285000 - 27 138
63135306025000 - 27 138
63135376084000 - 68 138
63135492627000 - 27 138
63135502833000 - 68 138
63135506098000 - 68 138
63135806655000 - 138 45
63136021350000 - 138 45
63136419400000 - 68 146 138
63136422818000 - 68 146 138
63136423661000 - 138 45
63136504578000 - 68 138
63136506314000 - 77 146 138
63136507392000 - 146 138
63136510468000 - 138 45
63136534691000 - 27 138
63136590354000 - 33 138 45
63136604265000 - 68 146 138
63136625634000 - 69 36 138 45
63136692793000 - 46 33 69 76 138 45
63136693210000 - 27 138
63136760634000 - 68 146 138 45
63136779142000 - 138 45
63136968429000 - 27 138
63136969497000 - 68 146 27 138 45
63137024141000 - 138 45
63137050068000 - 68 146 138
63137055579000 - 27 138
63137055703000 - 68 138
63137138269000 - 68 138
63137211947000 - 27 138
63137284756000 - 69 138 45
63137299905000 - 27 138
63137300527000 - 146 138
63137302251000 - 27 138
63137302627000 - 27 138
63137302843000 - 68 146 138
63137307818000 - 27 138
63137309834000 - 138 45
63137367295000 - 138 45
63137678616000 - 27 138
63137764247000 - 138 45
63137764639000 - 146 138
63138024731000 - 27 138
63138157691000 - 53 138
63138249607000 - 146 138
63138250320000 - 138 45
63138251883000 - 27 138
63138263099000 - 53 138
63138263593000 - 53 138
63138263764000 - 68 146 138
63138264228000 - 68 146 138
63138326656000 - 27 138
63138346028000 - 146 138
63138420729000 - 138 45
63138436230000 - 138 33
63138515560000 - 146 138
63138519697000 - 53 138
63138525222000 - 68 146 138
63138595106000 - 138 45
63138842032000 - 68 146 138
63138925031000 - 68 146 138
63138946882000 - 68 138
63138953903000 - 138 45
63138953990000 - 68 138
63139097938000 - 68 146 138
63139106518000 - 36 138
63139124821000 - 146 138
63139128893000 - 68 146 138
63139129014000 - 68 146 138
63139283549000 - 27 138
63139283921000 - 69 138
63139379568000 - 36 138
63139449228000 - 53 138
63139449310000 - 138 45
63139449611000 - 138 45
63139449997000 - 68 146 138
63139460320000 - 53 138
63139559271000 - 68 146 138
63139617670000 - 138 45
63139617995000 - 68 146 27 138 45
63139618234000 - 138 45
63139618252000 - 138 45
63139629904000 - 36 138
63139642077000 - 27 138
63139719124000 - 138 45
63139996639000 - 68 146 138
63140221266000 - 68 146 138
63140221326000 - 27 138
63140254041000 - 68 146 138 45
63140342270000 - 138 45
63140343163000 - 27 138
63140650441000 - 68 138
63140651699000 - 146 138
63140659409000 - 68 138
63140663357000 - 27 138
63140671002000 - 138 45
63140994873000 - 53 138
63141018109000 - 146 138
63141264007000 - 68 146 27 138
63141376481000 - 138 45
63141379745000 - 138 45
63141381597000 - 68 146 138
63141462506000 - 138 45
63141531960000 - 138 45
63141532446000 - 68 138
63141539100000 - 138 45
63141604809000 - 27 138
63141634484000 - 69 27 96 138 45
63141893724000 - 138 45
63142559976000 - 68 146 138
63142572927000 - 138 45
63142578038000 - 69 138 45
63142586574000 - 36 138
63142645436000 - 27 138
63143685953000 - 68 146 27 138
63143688138000 - 27 138
63143765951000 - 76 138
63143768499000 - 96 138
63143851911000 - 27 138
63143886787000 - 68 146 96 138
63143942355000 - 76 138 45
63144276790000 - 146 138
63144293957000 - 138 45
63144293993000 - 138 45
63144294032000 - 138 45
63144294062000 - 138 45
63144294355000 - 138 45
63144370943000 - 146 138
63144370991000 - 146 138
63144403889000 - 146 138
63144465518000 - 76 138
63144558552000 - 68 138
63145064016000 - 138 45
63145064917000 - 138 45
63145146583000 - 138 45
63145155369000 - 146 138 45
63145254935000 - 68 96 138
63145666365000 - 68 146 138
63145666508000 - 146 138
63145675328000 - 36 96 138
63145682863000 - 36 138
63145781816000 - 46 52 76 138 45
63145839020000 - 68 146 138
63145861578000 - 138 45
63146098112000 - 138 45
63146100238000 - 46 76 138 45
63146100646000 - 146 138
63146102532000 - 138 45
63146102563000 - 138 45
63146103286000 - 138 45
63146104049000 - 138 45
63146125042000 - 138 45
63146185463000 - 138 45
63146202505000 - 96 138
63146213681000 - 138 45
63146298278000 - 138 45
63146354534000 - 138 45
63146358958000 - 68 146 27 138 45
63146362395000 - 96 138
63146373649000 - 68 146 138
63146453384000 - 69 36 96 138
63146453968000 - 36 138
63146472148000 - 138 45
63146472639000 - 138 45
63146708207000 - 69 138 45
63146709796000 - 138 45
63146719069000 - 68 146 138
63146732137000 - 138 45
63146989194000 - 138 45
63146990536000 - 138 45
63146992247000 - 96 138
63147045345000 - 68 146 138
63147049387000 - 138 45
63147051519000 - 68 146 138
63147059382000 - 138 45
63147065869000 - 69 138
63147068260000 - 96 138
63147395366000 - 68 138
63147413718000 - 138 45
63147568339000 - 68 146 138
63147569067000 - 146 138
63147569969000 - 96 138
63147570254000 - 146 138
63147573355000 - 68 146 27 138 45
63147592260000 - 68 146 138
63147668966000 - 68 146 138
63147914296000 - 68 138
63147914351000 - 110 138
63148007102000 - 68 146 138
63148090029000 - 138 45
63148184997000 - 138 45
63148200948000 - 68 146 138
63148263352000 - 146 138
63148268010000 - 138 45
63148287119000 - 68 138
63148542946000 - 138 45
63148792184000 - 68 146 138
63148793269000 - 96 138
63148863446000 - 27 138
63148871382000 - 138 45
63148891628000 - 96 138
63149153535000 - 27 138
63149210870000 - 146 138
63149218764000 - 146 138
63150520538000 - 138 45
63150521091000 - 138 45
63150594449000 - 146 138
63150608689000 - 68 146 138
63150680018000 - 138 45
63150684519000 - 138 45
63150705302000 - 27 138
63150965898000 - 68 146 138
63151049560000 - 68 146 27 138 45
63151284477000 - 68 146 138
63151289887000 - 138 45
63151298565000 - 138 45
63151570361000 - 27 138
63151626302000 - 138 45
63151626764000 - 138 45
63152240444000 - 68 146 27 138 45
63152262887000 - 138 45
63152339931000 - 68 146 138
63152427742000 - 138 45
63152491544000 - 138 45
63152501308000 - 138 45
63152502025000 - 17 138
63152513146000 - 17 138
63152769814000 - 68 138
63152769838000 - 68 138
63152769852000 - 68 138
63152769866000 - 68 138
63152769899000 - 68 138
63152771687000 - 68 138
63152771822000 - 17 138
63111697620000 - 56 139
63111946920000 - 139 141
63111949800000 - 139
63112318620000 - 139
63112573440000 - 139 141
63116031360000 - 40 139
63123837060000 - 40 139
63125309520000 - 120 139
63125815020000 - 137 139
63125818140000 - 139
63082063320000 - 140 108
63089767080000 - 140 129
63090630540000 - 140 117
63098056020000 - 140 61
63098643480000 - 147 140
63102552180000 - 63 140 85
63103484280000 - 140 12
63104522880000 - 63 140
63105591720000 - 147 140 61
63111606540000 - 63 140
63112551900000 - 140 2
63112813740000 - 63 140
63112816500000 - 140 61
63114194400000 - 140 2
63114421620000 - 140 56
63116454600000 - 140 2
63119039940000 - 147 140
63120330840000 - 23 140
63120336180000 - 140 115
63124326480000 - 140 61
63125544300000 - 140 12
63126996240000 - 63 140
63127489200000 - 140 115
63127489740000 - 63 140
63127489860000 - 63 140
63127490940000 - 63 140
63127945200000 - 140 115
63128845260000 - 23 140
63129272763000 - 23 140
63129783816000 - 63 140
63130114702000 - 23 140
63131245864000 - 140 12
63132229425000 - 63 140
63132411059000 - 140 118
63132793355000 - 140 8
63132903525000 - 63 77 140 61
63134256768000 - 23 140
63134745434000 - 77 140
63135228249000 - 140 64
63135249854000 - 63 140
63135938714000 - 140 61
63137026772000 - 63 140
63137631455000 - 147 140
63138354358000 - 63 140
63138517219000 - 77 140
63138585076000 - 77 140
63138683120000 - 23 140
63138928488000 - 63 140
63141450286000 - 26 140
63141538266000 - 140 111
63138406624000 - 136 142
63138429254000 - 86 142
63138433047000 - 136 142
63138600376000 - 136 123 142
63138603303000 - 136 86 142
63138605902000 - 136 142
63138840592000 - 86 142
63138847244000 - 123 142
63138852088000 - 136 142
63138853066000 - 86 142
63138857638000 - 86 142
63138925707000 - 86 142
63138943801000 - 86 142
63139181330000 - 136 142
63139182066000 - 123 142
63139182323000 - 123 142
63139187094000 - 136 142
63139446620000 - 86 142
63139554134000 - 136 142
63139733645000 - 136 142
63139789725000 - 136 142
63139794166000 - 136 142
63139809653000 - 136 142
63139810665000 - 136 142
63139810789000 - 136 142
63139814516000 - 97 142
63140052575000 - 136 142
63140064852000 - 136 142
63140242492000 - 136 142
63140246254000 - 136 142
63140251216000 - 136 142
63140325071000 - 136 123 142
63140758183000 - 136 142
63140763621000 - 136 142
63140765367000 - 136 142
63140766695000 - 136 142
63141261734000 - 136 142
63141264030000 - 123 142
63141363651000 - 136 142
63141366695000 - 136 142
63141370199000 - 136 142
63141382616000 - 136 142
63141443071000 - 136 142
63141452375000 - 136 142
63141455335000 - 136 142
63141520502000 - 123 142
63141523511000 - 136 142
63141527328000 - 136 142
63141546614000 - 136 142
63141613666000 - 59 142
63142049596000 - 59 142
63142557360000 - 136 142
63142647709000 - 136 142
63142822837000 - 136 86 97 142
63143942537000 - 136 142
63143942956000 - 136 142
63143945521000 - 123 142
63143958699000 - 136 123 142
63143958798000 - 123 142
63144026630000 - 123 142
63144041544000 - 136 142
63120811380000 - 143
63121428300000 - 143
63122026620000 - 143
63122104020000 - 143
63122104140000 - 143
63122105040000 - 143
63122111160000 - 143
63122608260000 - 143
63122703300000 - 143
63123147600000 - 143
63123152880000 - 143
63123212280000 - 143
63123241980000 - 143
63123807351000 - 143
63123897529000 - 143
63127998525000 - 81 144
63127999248000 - 144 127
63128049771000 - 119 42 81 67 144 121 131 22
63128051987000 - 81 144
63128084155000 - 119 42 81 67 144 121 131 22
63128172395000 - 119 42 81 67 144 121 131 22
63128314255000 - 119 42 81 67 144 121 131 22
63128314462000 - 67 144
63128573043000 - 144
63128573590000 - 144
63128579609000 - 34 144
63128598338000 - 144 131
63128661150000 - 119 42 81 67 144 121 131 22
63128661308000 - 144 131
63128833185000 - 144 131
63128941045000 - 119 42 81 67 144 121 131 22
63129169265000 - 81 144
63129291857000 - 119 42 81 67 144 121 131 22
63129347993000 - 67 144
63129351392000 - 119 42 81 67 144 121 131 22
63129433899000 - 144 131
63129435583000 - 144 131
63129435731000 - 144 131
63129435754000 - 144 131
63129435790000 - 144 131
63129436228000 - 119 42 81 67 144 121 131 22
63129436409000 - 144 131
63129467669000 - 119 42 81 67 144 121 131 22
63129778937000 - 119 42 81 67 144 121 131 22
63129786010000 - 144
63129788556000 - 119 42 81 67 144 121 131 22
63129792184000 - 144 113
63129792432000 - 144 131
63129800208000 - 119 42 81 67 144 121 131 22
63129806735000 - 144 109 130 106 84 18
63129867969000 - 119 144
63129870099000 - 144
63129877716000 - 119 42 81 67 144 121 131 22
63129881177000 - 119 42 81 67 144 121 131 22
63129894462000 - 119 42 121 67 144 131 22
63130042879000 - 144
63130055656000 - 144 113
63130128875000 - 144 127
63130378436000 - 119 42 121 67 144 131 22
63130396167000 - 144 131
63130408845000 - 144 131
63130467219000 - 42 144
63130484150000 - 144 127
63130501157000 - 144 131
63130501628000 - 119 42 121 67 144 131 22
63130561698000 - 119 42 121 67 144 131 22
63130590854000 - 119 42 121 67 144 131 22
63130642523000 - 119 42 121 67 144 131 22
63130642536000 - 144 131
63130664816000 - 119 42 121 67 144 131 22
63130665414000 - 119 42 121 67 144 131 22
63130666049000 - 119 42 121 67 144 131 22
63130675147000 - 144 131
63130679928000 - 119 42 121 67 144 131 22
63130682930000 - 119 144
63130683686000 - 119 144
63130734656000 - 144 131
63130755762000 - 119 42 121 67 144 131 22
63130762303000 - 119 42 121 67 144 131 22
63130768418000 - 119 42 121 67 144 131 22
63130982566000 - 144 131
63130982942000 - 144 131
63131196162000 - 119 42 121 67 144 131 22
63131277579000 - 119 42 121 67 144 131 22
63131279403000 - 144 131
63131327997000 - 144 127
63131335408000 - 144 109
63131354766000 - 144
63131362353000 - 144 131
63131366504000 - 144 131
63131587818000 - 144 131
63131590299000 - 144 131
63131591557000 - 144 113
63131595001000 - 144 113
63131610369000 - 121 144
63131620564000 - 144 131
63131623851000 - 119 42 121 67 144 131 22
63131674051000 - 144 131
63131686459000 - 119 42 121 67 144 131 22
63131788195000 - 144 131
63131795444000 - 119 42 121 67 144 131 22
63131800664000 - 119 42 121 67 144 131 22
63131864862000 - 119 42 121 67 144 131 22
63131937385000 - 119 42 121 67 144 131 22
63131945606000 - 144 131
63131963687000 - 119 42 121 67 144 131 22
63131963822000 - 144 131
63131967635000 - 144 131
63131968619000 - 119 42 121 67 144 131 22
63132200963000 - 144 131
63132207646000 - 144 113
63132207711000 - 144 113
63132207839000 - 144
63132209211000 - 119 42 121 67 144 131 22
63132222895000 - 119 42 121 67 144 131 22
63132223629000 - 119 42 121 67 144 131 22
63132290431000 - 144 131
63132388394000 - 144 131
63132389220000 - 119 42 121 67 144 131 22
63132397825000 - 121 144
63132474786000 - 119 42 121 67 144 131 22
63132487249000 - 119 42 121 67 144 131 22
63132536636000 - 119 42 121 67 144 131 22
63132556415000 - 144 131
63132557688000 - 144 131
63132570199000 - 119 42 121 67 144 131 22
63132805834000 - 144 131
63132831618000 - 119 42 121 67 144 131 22
63132835659000 - 119 42 121 67 144 131 22
63132899423000 - 144 127
63132916093000 - 144 113
63132968622000 - 144 127
63132973929000 - 67 144
63132993667000 - 144 131
63133006212000 - 34 144
63133405667000 - 144 131
63133406523000 - 121 144
63133431606000 - 144 131
63133492058000 - 144 131
63133492644000 - 119 42 121 67 144 131 22
63133513029000 - 144 131
63133525539000 - 119 42 121 67 144 131 22
63133678761000 - 119 42 121 67 144 131 22
63133693415000 - 119 42 121 67 144 131 22
63133761891000 - 144 131
63134099176000 - 144 131
63134358112000 - 144
63134364070000 - 119 42 121 67 144 131 22
63134365521000 - 119 42 121 67 144 131 22
63134374255000 - 144 131
63134616164000 - 119 42 121 67 144 131 22
63134616503000 - 144 22
63134620892000 - 144 131
63134636429000 - 144 131
63134733158000 - 144 131
63134733177000 - 144 131
63134750887000 - 119 42 121 67 144 131 22
63134796368000 - 144 131
63134892527000 - 119 42 121 67 144 131 22
63135346631000 - 67 144
63135392449000 - 144 131
63135513635000 - 119 42 121 67 144 131 22
63135823847000 - 119 42 121 67 144 131 22
63136032183000 - 144
63136098092000 - 119 42 121 67 144 131 22
63136110682000 - 119 42 121 67 144 131 22
63136187595000 - 119 42 121 67 144 131 22
63136196876000 - 144 131
63136438024000 - 119 42 121 67 144 131 22
63136438060000 - 119 42 121 67 144 131 22
63136462887000 - 119 42 121 67 144 131 22
63136462936000 - 119 42 121 67 144 131 22
63136523178000 - 119 42 121 67 144 131 22
63136599742000 - 119 42 121 67 144 131 22
63136606736000 - 144 131
63136607360000 - 144 131
63136611146000 - 144 131
63136621615000 - 144 131
63136710701000 - 144 131
63136715964000 - 119 42 121 67 144 131 22
63136787131000 - 121 144
63137041267000 - 144 131
63137042283000 - 144 131
63137044465000 - 42 144
63137069375000 - 144 131
63137126703000 - 144
63137127059000 - 144
63137128407000 - 144
63137214267000 - 144 131
63137214557000 - 119 42 121 67 144 131 22
63137634076000 - 144
63137637710000 - 119 42 121 67 144 131 22
63137640072000 - 119 42 121 67 144 131 22
63137643966000 - 144
63137648481000 - 119 42 121 67 144 131 22
63137814263000 - 144 131
63137827342000 - 119 42 121 67 144 131 22
63138238855000 - 144 131
63138331635000 - 144
63138335317000 - 144
63138335556000 - 144
63138428891000 - 144 113
63138592333000 - 144 18
63138604629000 - 119 42 121 67 144 131 22
63138848155000 - 144 131
63138945984000 - 119 42 121 67 144 131 22
63138970839000 - 119 42 121 67 144 131 22
63139023501000 - 144 131
63139049333000 - 119 42 121 67 144 131 22
63139138996000 - 119 42 121 67 144 131 22
63139200884000 - 119 42 121 67 144 131 22
63139219091000 - 119 42 121 67 144 131 22
63139221587000 - 119 42 121 67 144 131 22
63139491020000 - 119 42 121 67 144 131 22
63139491034000 - 144
63139629986000 - 144
63139644672000 - 144 131
63139646070000 - 144 131
63139646101000 - 144 131
63139739884000 - 119 42 121 67 144 131 22
63140066996000 - 119 42 121 67 144 131 22
63140067653000 - 144 131
63140071682000 - 144
63140073521000 - 144 131
63140076312000 - 144
63140098321000 - 119 42 121 67 144 131 22
63140156942000 - 119 42 121 67 144 131 22
63140175135000 - 144 131
63140175972000 - 144 131
63140177176000 - 144 131
63140264806000 - 144 113
63140265511000 - 144 113
63140266233000 - 144 131
63140271990000 - 42 121 144
63140347531000 - 119 42 121 67 144 131 22
63140347859000 - 119 42 121 67 144 131 22
63140666135000 - 144 131
63140674258000 - 144 109
63140696658000 - 144 131
63140784014000 - 119 144
63140784071000 - 144
63140784142000 - 144
63140784159000 - 144
63140866541000 - 144 131
63140866622000 - 42 144
63140943985000 - 144 131
63140963333000 - 119 42 121 67 144 131 22
63141363604000 - 144 131
63141369588000 - 119 42 121 67 144 131 22
63141391987000 - 119 42 121 67 144 131 22
63141900608000 - 119 42 121 67 144 131 22 82
63141976197000 - 144 131
63142050477000 - 144 131
63142055182000 - 144 131
63142061345000 - 144 131
63142595535000 - 144 131
63142595546000 - 144 131
63142670159000 - 144 131
63142768776000 - 144 131
63142776655000 - 144 131
63143189322000 - 144
63143189408000 - 144
63143362072000 - 144
63143362087000 - 144 113
63143779025000 - 144 18
63145169606000 - 119 144
63145524762000 - 119 42 81 121 144 131 22 82
63145683969000 - 119 42 81 121 144 131 22 82
63146295764000 - 119 42 121 144 22 82
63146403362000 - 144 22
63146467095000 - 119 144
63146733638000 - 144 22
63146924359000 - 119 42 121 144 22 82
63147595803000 - 119 42 121 144 22 82
63147596246000 - 121 144
63147600800000 - 119 42 121 144 22 82
63148019133000 - 144 127
63148103390000 - 144 82
63148118113000 - 144
63148121660000 - 119 42 121 144 106 22 82
63136525935000 - 29 145 65 41
63139119079000 - 29 145
63139119325000 - 29 145
63139122875000 - 145 65
63141359281000 - 145 65
63123240360000 - 146
63126148155000 - 146
63139719434000 - 146 45
63140068780000 - 146 27
63140762220000 - 68 146 138 45
63140768751000 - 146 27 138
63140788036000 - 146 45
63141011093000 - 146 138
63141371815000 - 146 96
63141539035000 - 146 27
63126498409000 - 63 147
63127347990000 - 63 147
63127363571000 - 147 140 61
63127462625000 - 147 61
63127553466000 - 147 61
63137193418000 - 75 147
63137209345000 - 147 3
63137221707000 - 75 147
63137368227000 - 147 140
63137633070000 - 147 140
63137882372000 - 147 80
63138229880000 - 147 2
63138338949000 - 147 80
63138507822000 - 147 80
63138599509000 - 147 61
63138845040000 - 147 80
63138860048000 - 147 80
63138926796000 - 147 61
63138928038000 - 147 61
63138948111000 - 147 80
63139095920000 - 147 40
63139435856000 - 147 2
63139442417000 - 147 80
63139445960000 - 147 80
63139628458000 - 147 61
63139722219000 - 147 80
63140134855000 - 147 80
63140153656000 - 75 147
63140158489000 - 147 80
63140218961000 - 147 2
63140302824000 - 147 2
63140680616000 - 147 80
63140768063000 - 147 80
63140825289000 - 147 80
63141015311000 - 75 147
63141021366000 - 75 147
63141254988000 - 147 111
63141271726000 - 147 140
63141346977000 - 147 111
63141457793000 - 147 80
63141529809000 - 147 40
63142056552000 - 147 111
63142062144000 - 147 2
63142497089000 - 75 147
63142991151000 - 63 147 140 61
63147926253000 - 63 147
63148713409000 - 147 80
63128055291000 - 148 98
63128122386000 - 63 148
63128125167000 - 63 148
63128128568000 - 148 79
63128128663000 - 148 79
63128557616000 - 148 98
63129864150000 - 63 148
63129866661000 - 63 148
63129871916000 - 63 148
63132216542000 - 148 98
63132804384000 - 148 98
63132982776000 - 148 98
63133146844000 - 148 98
63133403712000 - 148 41
63134032799000 - 148 98
63134772249000 - 148 98
63134783758000 - 148 28
63135812106000 - 148 98
63136507732000 - 63 148
63136701251000 - 148 98
63139452353000 - 63 148
63139454753000 - 63 148
63141864894000 - 148 98
63141956683000 - 148 98
63142663668000 - 63 148
63143440138000 - 148 61
63143776152000 - 148 98
63147398373000 - 148 98 28
63147566420000 - 148 28
63147592842000 - 148 140
63147925988000 - 148 98
63148635472000 - 148 28
63148703361000 - 148 98 28